-- phpMyAdmin SQL Dump
-- version 4.9.5
-- https://www.phpmyadmin.net/
--
-- Host: localhost:3306
-- Generation Time: Dec 05, 2020 at 11:02 AM
-- Server version: 10.3.16-MariaDB
-- PHP Version: 7.3.23

SET SQL_MODE = "NO_AUTO_VALUE_ON_ZERO";
SET AUTOCOMMIT = 0;
START TRANSACTION;
SET time_zone = "+00:00";


/*!40101 SET @OLD_CHARACTER_SET_CLIENT=@@CHARACTER_SET_CLIENT */;
/*!40101 SET @OLD_CHARACTER_SET_RESULTS=@@CHARACTER_SET_RESULTS */;
/*!40101 SET @OLD_COLLATION_CONNECTION=@@COLLATION_CONNECTION */;
/*!40101 SET NAMES utf8mb4 */;

--
-- Database: `id15101630_spk_dpp`
--

-- --------------------------------------------------------

--
-- Table structure for table `dosen_tbl`
--

CREATE TABLE `dosen_tbl` (
  `dosen_id` char(15) NOT NULL,
  `dosen_nama` varchar(50) NOT NULL,
  `jabatan` int(11) NOT NULL,
  `pendidikan` int(11) NOT NULL,
  `status` int(11) NOT NULL
) ENGINE=InnoDB DEFAULT CHARSET=utf8mb4;

--
-- Dumping data for table `dosen_tbl`
--

INSERT INTO `dosen_tbl` (`dosen_id`, `dosen_nama`, `jabatan`, `pendidikan`, `status`) VALUES
('0001', 'Dr. La Ode Muh. Golok Jaya, ST., MT', 7, 11, 13),
('0002', 'Ika Purwanti Ningrum P, S.Kom., M.Cs', 8, 12, 13),
('0003', 'Sutardi, S.Kom., MT', 8, 12, 13),
('0004', 'Isnawaty, ST., MT', 8, 12, 13),
('0005', 'Bambang Pramono, ST., MT', 8, 12, 13),
('0006', 'Muh. Yamin, ST., M.Eng', 8, 12, 13),
('0007', 'Dr. Ir. Muh. Ihsan Sarita, M.Kom', 8, 11, 13),
('0008', 'Statiswaty, ST., M.MSi', 9, 12, 13),
('0009', 'L.M. Fid Aksara, S.Kom., M.Kom', 9, 12, 13),
('0010', 'Jumadil Nangi, S.Kom., MT', 9, 12, 13),
('0011', 'Natalis Ransi, S.Si., M.Cs', 9, 12, 13),
('0012', 'Adha Mashur Sajiah, ST., M.Eng', 10, 12, 13),
('0013', 'Rizal Adi Saputra, ST., M.Kom', 10, 12, 13),
('0014', 'LM. Bahtiar Aksara, ST., MT', 10, 12, 13),
('0016', 'La Surimi, S.Si., M.Cs', 10, 12, 14),
('0017', 'Ld. Muh. Tajidun, ST., M.Eng', 10, 12, 14),
('0018', 'Subardin, ST., MT', 10, 12, 14);

-- --------------------------------------------------------

--
-- Table structure for table `group_tbl`
--

CREATE TABLE `group_tbl` (
  `group_id` int(11) NOT NULL,
  `group_name` varchar(50) NOT NULL
) ENGINE=InnoDB DEFAULT CHARSET=latin1;

--
-- Dumping data for table `group_tbl`
--

INSERT INTO `group_tbl` (`group_id`, `group_name`) VALUES
(1, 'Administrator'),
(2, 'Ketua Jurusan'),
(3, 'Staf');

-- --------------------------------------------------------

--
-- Table structure for table `keahlian_detail_tbl`
--

CREATE TABLE `keahlian_detail_tbl` (
  `keahlian_detail_id` int(11) NOT NULL,
  `dosen_id` char(15) NOT NULL,
  `keahlian_id` char(15) NOT NULL,
  `keahlian_detail_bobot` int(15) NOT NULL
) ENGINE=InnoDB DEFAULT CHARSET=utf8mb4;

--
-- Dumping data for table `keahlian_detail_tbl`
--

INSERT INTO `keahlian_detail_tbl` (`keahlian_detail_id`, `dosen_id`, `keahlian_id`, `keahlian_detail_bobot`) VALUES
(30, '0001', '11001', 3),
(31, '0002', '11001', 3),
(32, '0003', '11001', 4),
(33, '0004', '11001', 2),
(34, '0005', '11001', 5),
(35, '0006', '11001', 2),
(36, '0007', '11001', 4),
(37, '0008', '11001', 3),
(38, '0009', '11001', 2),
(39, '0010', '11001', 5),
(40, '0011', '11001', 3),
(41, '0012', '11001', 5),
(42, '0013', '11001', 5),
(43, '0014', '11001', 4),
(45, '0016', '11001', 2),
(46, '0017', '11001', 4),
(47, '0018', '11001', 3),
(48, '0001', '11002', 5),
(49, '0002', '11002', 4),
(50, '0003', '11002', 4),
(51, '0004', '11002', 2),
(52, '0005', '11002', 5),
(53, '0006', '11002', 2),
(54, '0007', '11002', 4),
(55, '0008', '11002', 4),
(56, '0009', '11002', 3),
(57, '0010', '11002', 4),
(58, '0011', '11002', 4),
(59, '0012', '11002', 5),
(60, '0013', '11002', 4),
(61, '0014', '11002', 3),
(63, '0016', '11002', 2),
(64, '0017', '11002', 4),
(65, '0018', '11002', 2),
(66, '0001', '11003', 2),
(67, '0002', '11003', 2),
(68, '0003', '11003', 2),
(69, '0004', '11003', 5),
(70, '0005', '11003', 2),
(71, '0006', '11003', 5),
(72, '0007', '11003', 2),
(73, '0008', '11003', 2),
(74, '0009', '11003', 5),
(75, '0010', '11003', 3),
(76, '0011', '11003', 2),
(77, '0012', '11003', 2),
(78, '0013', '11003', 2),
(79, '0014', '11003', 3),
(81, '0016', '11003', 5),
(82, '0017', '11003', 2),
(83, '0018', '11003', 5),
(84, '0001', '11004', 2),
(85, '0002', '11004', 2),
(86, '0003', '11004', 2),
(87, '0004', '11004', 5),
(88, '0005', '11004', 2),
(89, '0006', '11004', 5),
(90, '0007', '11004', 3),
(91, '0008', '11004', 3),
(92, '0009', '11004', 4),
(93, '0010', '11004', 2),
(94, '0011', '11004', 2),
(95, '0012', '11004', 4),
(96, '0013', '11004', 2),
(97, '0014', '11004', 4),
(99, '0016', '11004', 4),
(100, '0017', '11004', 3),
(101, '0018', '11004', 5),
(102, '0001', '11005', 2),
(103, '0002', '11005', 2),
(104, '0003', '11005', 3),
(105, '0004', '11005', 5),
(106, '0005', '11005', 2),
(107, '0006', '11005', 5),
(108, '0007', '11005', 2),
(109, '0008', '11005', 2),
(110, '0009', '11005', 5),
(111, '0010', '11005', 2),
(112, '0011', '11005', 2),
(113, '0012', '11005', 2),
(114, '0013', '11005', 2),
(115, '0014', '11005', 3),
(117, '0016', '11005', 5),
(118, '0017', '11005', 2),
(119, '0018', '11005', 5),
(120, '0001', '11006', 5),
(121, '0002', '11006', 4),
(122, '0003', '11006', 5),
(123, '0004', '11006', 2),
(124, '0005', '11006', 5),
(125, '0006', '11006', 2),
(126, '0007', '11006', 4),
(127, '0008', '11006', 5),
(128, '0009', '11006', 2),
(129, '0010', '11006', 5),
(130, '0011', '11006', 4),
(131, '0012', '11006', 5),
(132, '0013', '11006', 4),
(133, '0014', '11006', 4),
(135, '0016', '11006', 2),
(136, '0017', '11006', 4),
(137, '0018', '11006', 2),
(138, '0001', '11007', 2),
(139, '0002', '11007', 5),
(140, '0003', '11007', 2),
(141, '0004', '11007', 2),
(142, '0005', '11007', 3),
(143, '0006', '11007', 2),
(144, '0007', '11007', 5),
(145, '0008', '11007', 3),
(146, '0009', '11007', 2),
(147, '0010', '11007', 3),
(148, '0011', '11007', 4),
(149, '0012', '11007', 5),
(150, '0013', '11007', 5),
(151, '0014', '11007', 2),
(153, '0016', '11007', 2),
(154, '0017', '11007', 3),
(155, '0018', '11007', 2),
(156, '0001', '11008', 4),
(157, '0002', '11008', 3),
(158, '0003', '11008', 5),
(159, '0004', '11008', 2),
(160, '0005', '11008', 5),
(161, '0006', '11008', 2),
(162, '0007', '11008', 3),
(163, '0008', '11008', 4),
(164, '0009', '11008', 3),
(165, '0010', '11008', 4),
(166, '0011', '11008', 4),
(167, '0012', '11008', 5),
(168, '0013', '11008', 5),
(169, '0014', '11008', 4),
(171, '0016', '11008', 3),
(172, '0017', '11008', 4),
(173, '0018', '11008', 2),
(174, '0001', '11009', 3),
(175, '0002', '11009', 4),
(176, '0003', '11009', 4),
(177, '0004', '11009', 4),
(178, '0005', '11009', 4),
(179, '0006', '11009', 4),
(180, '0007', '11009', 4),
(181, '0008', '11009', 4),
(182, '0009', '11009', 4),
(183, '0010', '11009', 4),
(184, '0011', '11009', 3),
(185, '0012', '11009', 4),
(186, '0013', '11009', 4),
(187, '0014', '11009', 3),
(189, '0016', '11009', 3),
(190, '0017', '11009', 4),
(191, '0018', '11009', 3),
(192, '0001', '11010', 2),
(193, '0002', '11010', 2),
(194, '0003', '11010', 3),
(195, '0004', '11010', 5),
(196, '0005', '11010', 3),
(197, '0006', '11010', 5),
(198, '0007', '11010', 3),
(199, '0008', '11010', 3),
(200, '0009', '11010', 5),
(201, '0010', '11010', 3),
(202, '0011', '11010', 3),
(203, '0012', '11010', 3),
(204, '0013', '11010', 3),
(205, '0014', '11010', 4),
(207, '0016', '11010', 5),
(208, '0017', '11010', 3),
(209, '0018', '11010', 5),
(210, '0001', '11011', 3),
(211, '0002', '11011', 5),
(212, '0003', '11011', 4),
(213, '0004', '11011', 2),
(214, '0005', '11011', 5),
(215, '0006', '11011', 2),
(216, '0007', '11011', 4),
(217, '0008', '11011', 4),
(218, '0009', '11011', 2),
(219, '0010', '11011', 4),
(220, '0011', '11011', 5),
(221, '0012', '11011', 5),
(222, '0013', '11011', 3),
(223, '0014', '11011', 4),
(225, '0016', '11011', 2),
(226, '0017', '11011', 3),
(227, '0018', '11011', 2),
(228, '0001', '11012', 2),
(229, '0002', '11012', 5),
(230, '0003', '11012', 2),
(231, '0004', '11012', 2),
(232, '0005', '11012', 3),
(233, '0006', '11012', 2),
(234, '0007', '11012', 5),
(235, '0008', '11012', 3),
(236, '0009', '11012', 2),
(237, '0010', '11012', 3),
(238, '0011', '11012', 4),
(239, '0012', '11012', 5),
(240, '0013', '11012', 5),
(241, '0014', '11012', 3),
(243, '0016', '11012', 2),
(244, '0017', '11012', 3),
(245, '0018', '11012', 2);

-- --------------------------------------------------------

--
-- Table structure for table `keahlian_tbl`
--

CREATE TABLE `keahlian_tbl` (
  `keahlian_id` char(15) NOT NULL,
  `keahlian_nama` varchar(50) NOT NULL
) ENGINE=InnoDB DEFAULT CHARSET=utf8mb4;

--
-- Dumping data for table `keahlian_tbl`
--

INSERT INTO `keahlian_tbl` (`keahlian_id`, `keahlian_nama`) VALUES
('11001', 'Game'),
('11002', 'GIS'),
('11003', 'Jaringan Komputer'),
('11004', 'Microcontroller'),
('11005', 'Internet of Thing'),
('11006', 'SPK'),
('11007', 'Pengolahan Citra'),
('11008', 'Rekayasa Perangkat Lunak'),
('11009', 'Multimedia'),
('11010', 'Sistem Keamanan Data'),
('11011', 'Data Mining'),
('11012', 'Komputasi Cerdas Visualisasi');

-- --------------------------------------------------------

--
-- Table structure for table `kriteria_tbl`
--

CREATE TABLE `kriteria_tbl` (
  `kriteria_id` char(15) NOT NULL,
  `kriteria_nama` varchar(50) NOT NULL,
  `kriteria_bobot` int(11) NOT NULL
) ENGINE=InnoDB DEFAULT CHARSET=utf8mb4;

--
-- Dumping data for table `kriteria_tbl`
--

INSERT INTO `kriteria_tbl` (`kriteria_id`, `kriteria_nama`, `kriteria_bobot`) VALUES
('C1', 'Keahlian', 5),
('C2', 'Jabatan Fungsional', 3),
('C3', 'Tingkat Pendidikan', 2),
('C4', 'Status', 3);

-- --------------------------------------------------------

--
-- Table structure for table `laporan_tbl`
--

CREATE TABLE `laporan_tbl` (
  `laporan_id` int(11) NOT NULL,
  `nim_mahasiswa` char(20) NOT NULL,
  `nama_mahasiswa` varchar(50) NOT NULL,
  `judul_skripsi` text NOT NULL,
  `dosen_pembimbing1` char(15) NOT NULL,
  `dosen_pembimbing2` char(15) NOT NULL,
  `dosen_penguji1` char(15) NOT NULL,
  `dosen_penguji2` char(15) NOT NULL,
  `dosen_penguji3` char(15) NOT NULL,
  `status_laporan` int(11) NOT NULL,
  `nomor_surat` text DEFAULT NULL,
  `hari` text DEFAULT NULL,
  `jam` text DEFAULT NULL,
  `tempat` text DEFAULT NULL,
  `ket` text DEFAULT NULL
) ENGINE=InnoDB DEFAULT CHARSET=utf8mb4;

--
-- Dumping data for table `laporan_tbl`
--

INSERT INTO `laporan_tbl` (`laporan_id`, `nim_mahasiswa`, `nama_mahasiswa`, `judul_skripsi`, `dosen_pembimbing1`, `dosen_pembimbing2`, `dosen_penguji1`, `dosen_penguji2`, `dosen_penguji3`, `status_laporan`, `nomor_surat`, `hari`, `jam`, `tempat`, `ket`) VALUES
(9, 'E1E116052', 'Triman Wicaksono', 'ANALISIS PERBANDINGAN METODE CPI DAN METODE TOPSIS PADA SISTEM PENUNJANG KEPUTUSAN DALAM MENENTUKAN DOSEN PEMBIMBING DAN PENGUJI SKRIPSI BERBASIS WEBSITE (Studi Kasus : Jurusan Teknik Informatika Universitas Halu Oleo)', '0001', '0012', '0002', '0008', '0014', 0, '215', 'Kamis, 23 Januari 2020', '10.00', 'Lab Jaringan', 'Seminar Hasil'),
(10, 'E1E116020', 'Nono Satria La Sandi', 'KLASIFIKASI PERTANYAAN PELANGGAN MENGGUNAKAN METODE RECURRENT NEURAL NETWORK (RNN) UNTUK CHATBOT PILIHAN FASHION', '0005', '0011', '0013', '0002', '0012', 0, NULL, NULL, NULL, NULL, ''),
(16, 'E1E117040', 'Muhamad Danil', 'IMPLEMENTASI GLOBAL NAVIGATION SATELLITE SYSTEM (GNSS) PADA SISTEM PRESENSI BERBASIS ANDROID MENGGUNAKAN METODE SPATIAL MAP MATCHING', '0001', '0017', '0008', '0011', '0014', 1, NULL, NULL, NULL, NULL, '');

-- --------------------------------------------------------

--
-- Table structure for table `log_tbl`
--

CREATE TABLE `log_tbl` (
  `log_id` int(11) NOT NULL,
  `log_message` text NOT NULL,
  `log_time` datetime NOT NULL,
  `user_id` int(11) NOT NULL
) ENGINE=InnoDB DEFAULT CHARSET=latin1;

--
-- Dumping data for table `log_tbl`
--

INSERT INTO `log_tbl` (`log_id`, `log_message`, `log_time`, `user_id`) VALUES
(1, 'Welly Sugeng. R melakukan login ke sistem', '2019-12-24 12:18:21', 3),
(2, 'Welly Sugeng. R melakukan login ke sistem', '2019-12-24 12:20:47', 3),
(3, 'Tambah Data Pengajuan Dokling ', '2019-12-24 13:19:22', 3),
(4, 'Update Data Pengajuan Dokling ', '2019-12-24 14:06:34', 3),
(5, 'Hj. SUleha Sanusi melakukan login ke sistem', '2019-12-24 14:15:45', 2),
(6, 'Welly Sugeng. R melakukan login ke sistem', '2019-12-24 14:16:04', 3),
(7, 'Tambah Data Pengajuan Matriks ', '2019-12-24 14:38:50', 3),
(8, 'Tambah Data Pengajuan Matriks ', '2019-12-24 14:48:09', 3),
(9, 'Tambah Data Pengajuan Matriks ', '2019-12-24 14:54:21', 3),
(10, 'Administrator Sistems melakukan login ke sistem', '2019-12-24 18:42:04', 1),
(11, 'Mengubah Data proper 1', '2019-12-24 19:08:25', 1),
(12, 'Welly Sugeng. R melakukan login ke sistem', '2019-12-24 19:12:06', 3),
(13, 'Welly Sugeng. R melakukan login ke sistem', '2019-12-25 10:27:24', 3),
(14, 'Update Data Pengajuan Matriks', '2019-12-25 10:50:25', 3),
(15, 'Menghapus Data Tahapan Matrix Konstruksi 2s', '2019-12-25 11:12:52', 3),
(16, 'Menghapus Data Proper Usaha Pengumpulan Limbah B3 (oli bekas) dan barang -barang khusus', '2019-12-25 11:48:28', 3),
(17, 'Tambah Data Pengajuan Dokling ', '2019-12-25 11:49:10', 3),
(18, 'Update Data Pengajuan Dokling', '2019-12-25 11:49:16', 3),
(19, 'Update Data Pengajuan Dokling', '2019-12-25 11:49:22', 3),
(20, 'Tambah Data Pengajuan Matriks ', '2019-12-25 11:49:50', 3),
(21, 'Administrator Sistems melakukan login ke sistem', '2019-12-25 11:55:02', 1),
(22, 'Mengubah Data proper 1', '2019-12-25 11:58:03', 1),
(23, 'Administrator Sistems melakukan login ke sistem', '2019-12-25 12:00:25', 1),
(24, 'Mengubah Data Aduan ', '2019-12-25 12:12:32', 1),
(25, 'Mengubah Data proper 1', '2019-12-25 12:23:19', 1),
(26, 'Administrator Sistems melakukan login ke sistem', '2019-12-25 12:42:09', 1),
(27, 'Mengubah Data employee Ir. NISMAWATI, M.Si', '2019-12-25 12:43:37', 1),
(28, 'Hj. Suleha Sanusi melakukan login ke sistem', '2019-12-25 12:45:24', 2),
(29, 'Tambah Data Pengajuan Dokling ', '2019-12-25 12:46:15', 2),
(30, 'Tambah Data Pengajuan Matriks ', '2019-12-25 12:46:53', 2),
(31, 'Tambah Data Pengajuan Matriks ', '2019-12-25 12:47:13', 2),
(32, 'Administrator Sistems melakukan login ke sistem', '2019-12-25 12:47:27', 1),
(33, 'Mengubah Data proper 2', '2019-12-25 12:47:57', 1),
(34, 'Indra Pratama Apsarton melakukan login ke sistem', '2019-12-25 13:10:04', 4),
(35, 'Tambah Data Pengajuan Dokling ', '2019-12-25 13:11:34', 4),
(36, 'Tambah Data Pengajuan Matriks ', '2019-12-25 13:12:09', 4),
(37, 'Administrator Sistems melakukan login ke sistem', '2019-12-25 13:12:24', 1),
(38, 'Mengubah Data proper 3', '2019-12-25 13:13:23', 1),
(39, 'Administrator Sistems melakukan login ke sistem', '2019-12-25 13:40:09', 1),
(40, 'Administrator Sistems melakukan login ke sistem', '2019-12-25 20:42:58', 1),
(41, 'Welly Sugeng. R melakukan login ke sistem', '2019-12-25 20:47:46', 3),
(42, 'Administrator Sistems melakukan login ke sistem', '2019-12-25 22:25:15', 1),
(43, 'Administrator Sistems melakukan login ke sistem', '2019-12-25 22:53:52', 1),
(44, 'Menambah Data Gallery Dinas Lingkungan Hidup dan Kehutanan', '2019-12-25 23:39:43', 1),
(45, 'Menambah Data slider xxx', '2019-12-26 00:34:17', 1),
(46, 'Mengubah Data slider Slider', '2019-12-26 00:34:46', 1),
(47, 'Mengedit Data User suleha', '2019-12-26 00:39:26', 1),
(48, 'Hj. Suleha Sanusi melakukan login ke sistem', '2019-12-26 01:27:57', 2),
(49, 'Administrator Sistems melakukan login ke sistem', '2019-12-26 01:32:23', 1),
(50, 'Hj. Suleha Sanusi melakukan login ke sistem', '2019-12-26 02:38:51', 2),
(51, 'Administrator Sistems melakukan login ke sistem', '2019-12-26 03:33:57', 1),
(52, 'Hj. Suleha Sanusi melakukan login ke sistem', '2019-12-26 03:46:56', 2),
(53, 'Tambah Data Pengajuan Dokling', '2019-12-26 03:47:39', 2),
(54, 'Administrator Sistems melakukan login ke sistem', '2019-12-26 03:48:22', 1),
(55, 'Mengubah Data proper 4', '2019-12-26 04:22:52', 1),
(56, 'Hj. Suleha Sanusi melakukan login ke sistem', '2019-12-26 05:28:53', 2),
(57, 'Administrator Sistems melakukan login ke sistem', '2019-12-27 06:27:45', 1),
(58, 'Menghapus Data gallery Dinas Lingkungan Hidup dan Kehutanan', '2019-12-27 06:28:56', 1),
(59, 'Administrator Sistems Update Profile', '2019-12-27 06:31:10', 1),
(60, 'Administrator Sistems melakukan login ke sistem', '2019-12-27 06:31:25', 1),
(61, 'Hj. Suleha Sanusi melakukan login ke sistem', '2019-12-27 06:40:09', 2),
(62, 'PT. Dhana Jaya Properti  melakukan login ke sistem', '2019-12-27 06:41:59', 5),
(63, 'Tambah Data Pengajuan Dokling ', '2019-12-27 06:48:05', 5),
(64, 'Irfandi Adriyanto Update Profile', '2019-12-27 06:48:17', 5),
(65, 'Tambah Data Pengajuan Matriks ', '2019-12-27 06:57:14', 5),
(66, 'Update Data Pengajuan Matriks', '2019-12-27 06:57:35', 5),
(67, 'Tambah Data Pengajuan Matriks ', '2019-12-27 07:00:32', 5),
(68, 'Tambah Data Pengajuan Matriks ', '2019-12-27 07:02:06', 5),
(69, 'Tambah Data Pengajuan Matriks ', '2019-12-27 07:04:45', 5),
(70, 'Administrator Sistems melakukan login ke sistem', '2019-12-27 07:07:57', 1),
(71, 'Mengubah Data proper 1', '2019-12-27 07:08:20', 1),
(72, 'Irfandi Adriyanto melakukan login ke sistem', '2019-12-27 07:08:53', 5),
(73, 'Tambah Data Pengajuan Matriks ', '2019-12-27 07:10:32', 5),
(74, 'Tambah Data Pengajuan Matriks ', '2019-12-27 07:11:31', 5),
(75, 'Tambah Data Pengajuan Matriks ', '2019-12-27 07:12:51', 5),
(76, 'Tambah Data Pengajuan Matriks ', '2019-12-27 07:13:56', 5),
(77, 'Tambah Data Pengajuan Matriks ', '2019-12-27 07:14:43', 5),
(78, 'Tambah Data Pengajuan Matriks ', '2019-12-27 07:15:50', 5),
(79, 'Administrator Sistems melakukan login ke sistem', '2019-12-27 07:16:05', 1),
(80, 'Administrator Sistems melakukan login ke sistem', '2019-12-27 08:33:56', 1),
(81, 'Administrator Sistems melakukan login ke sistem', '2019-12-27 08:34:28', 1),
(82, 'Administrator Sistems melakukan login ke sistem', '2020-07-11 16:01:05', 1),
(83, 'Menambah Data Berita cs', '2020-09-17 19:40:29', 1),
(84, 'Administrator Sistems melakukan login ke sistem', '2020-09-18 18:34:23', 1),
(85, 'Administrator Sistems melakukan login ke sistem', '2020-09-22 09:45:24', 1),
(86, 'Update Informasi dan Logo', '2020-09-22 09:49:49', 1),
(87, 'Menghapus Data Group Seniman Proper', '2020-09-22 10:33:05', 1),
(88, 'Mengubah Data Group Admin Jurusan', '2020-09-22 10:33:33', 1),
(89, 'Menghapus Data User grahareksakencana', '2020-09-22 10:33:43', 1),
(90, 'Menghapus Data User indra', '2020-09-22 10:33:45', 1),
(91, 'Menghapus Data User welly', '2020-09-22 10:33:47', 1),
(92, 'Menghapus Data User suleha', '2020-09-22 10:33:50', 1),
(93, 'Menambah Data User danil', '2020-09-22 10:34:00', 1),
(94, 'Menambah Data keahlian Pemrograman Berbasis Web', '2020-09-22 10:49:35', 0),
(95, 'Mengedit Data keahlian Pemrograman Berbasis Web', '2020-09-22 10:49:45', 0),
(96, 'Mengedit Data keahlian Pemrograman Berbasis Web 1', '2020-09-22 10:50:29', 0),
(97, 'Menambah Data dosen Dosen A', '2020-09-22 10:58:04', 0),
(98, 'Mengedit Data dosen Dosen A', '2020-09-22 10:58:10', 0),
(99, 'Menambah Data keahlian_detail 003', '2020-09-22 12:01:43', 0),
(100, 'Menghapus Data keahlian_detail 001', '2020-09-22 12:03:14', 0),
(101, 'Mengedit Data keahlian_detail 002', '2020-09-22 12:06:47', 0),
(102, 'Mengedit Data keahlian_detail 002', '2020-09-22 12:12:06', 0),
(103, 'Menambah Data keahlian Matematika Diskrit', '2020-09-22 12:34:42', 0),
(104, 'Menambah Data dosen Dosen B', '2020-09-22 12:35:08', 0),
(105, 'Menambah Data keahlian_detail 004', '2020-09-22 12:35:29', 0),
(106, 'Menambah Data keahlian_detail 0a1', '2020-09-22 12:35:48', 0),
(107, 'Administrator Sistems melakukan login ke sistem', '2020-09-22 14:34:49', 1),
(108, 'Administrator Sistems melakukan login ke sistem', '2020-09-22 14:37:01', 1),
(109, 'Administrator Sistems melakukan login ke sistem', '2020-09-22 15:47:51', 1),
(110, 'Menambah Data rekomendasi danil', '2020-09-22 16:20:20', 0),
(111, 'Administrator Sistems melakukan login ke sistem', '2020-09-25 14:09:33', 1),
(112, 'Administrator Sistems melakukan login ke sistem', '2020-10-26 21:46:05', 1),
(113, 'Administrator Sistems melakukan login ke sistem', '2020-10-27 07:34:58', 1),
(114, 'Menambah Data kriteria Keahlian', '2020-10-27 07:40:02', 0),
(115, 'Menambah Data kriteria Jabatan Fungsional', '2020-10-27 07:40:18', 0),
(116, 'Menambah Data kriteria Tingkat Pendidikan', '2020-10-27 07:40:33', 0),
(117, 'Menambah Data kriteria Status', '2020-10-27 07:40:45', 0),
(118, 'Mengedit Data kriteria Keahlian', '2020-10-27 07:43:32', 0),
(119, 'Mengedit Data kriteria Jabatan Fungsional', '2020-10-27 07:43:36', 0),
(120, 'Mengedit Data kriteria Tingkat Pendidikan', '2020-10-27 07:43:40', 0),
(121, 'Mengedit Data kriteria Status', '2020-10-27 07:43:44', 0),
(122, 'Menambah Data subkriteria Sangat Sesuai Keahlian', '2020-10-27 08:57:54', 0),
(123, 'Menghapus Data subkriteria ', '2020-10-27 08:59:31', 0),
(124, 'Menambah Data subkriteria Sangat Sesuai Keahlian', '2020-10-27 09:02:12', 0),
(125, 'Mengedit Data subkriteria Sangat Sesuai Keahlian', '2020-10-27 09:02:39', 0),
(126, 'Mengedit Data subkriteria Sangat Sesuai Keahlian', '2020-10-27 09:02:43', 0),
(127, 'Menambah Data subkriteria Sesuai keahlian', '2020-10-27 09:02:59', 0),
(128, 'Menambah Data subkriteria Cukup sesuai keahlian', '2020-10-27 09:03:09', 0),
(129, 'Menambah Data subkriteria Kurang sesuai keahlian', '2020-10-27 09:03:19', 0),
(130, 'Menambah Data subkriteria Guru Besar', '2020-10-27 09:08:52', 0),
(131, 'Menambah Data subkriteria Lektor kepala', '2020-10-27 09:09:01', 0),
(132, 'Menambah Data subkriteria Lektor', '2020-10-27 09:09:18', 0),
(133, 'Menambah Data subkriteria Asisten ahli', '2020-10-27 09:09:27', 0),
(134, 'Menambah Data subkriteria Tenaga akademik', '2020-10-27 09:09:38', 0),
(135, 'Menambah Data subkriteria S3', '2020-10-27 09:09:53', 0),
(136, 'Menambah Data subkriteria S2', '2020-10-27 09:10:02', 0),
(137, 'Menambah Data subkriteria Dosen tetap PNS', '2020-10-27 09:10:15', 0),
(138, 'Menambah Data subkriteria Dosen tetap Non PNS', '2020-10-27 09:10:24', 0),
(139, 'Mengedit Data dosen DR. La Ode Muh. Golok Jaya, S.T., M.T.', '2020-10-28 18:57:00', 0),
(140, 'Mengedit Data dosen Sutardi, S.Kom., M.T.', '2020-10-28 18:57:11', 0),
(141, 'Menambah Data dosen Bambang Pramono, S.Si.,M.T.', '2020-10-28 18:57:32', 0),
(142, 'Menambah Data dosen Isnawaty, S.Si., M.T.', '2020-10-28 18:57:45', 0),
(143, 'Menambah Data dosen Statiswaty, S.T., M.MSI.', '2020-10-28 18:58:01', 0),
(144, 'Menambah Data dosen Ika Purwanti. Ningrum Purnama, S.Kom., M.Cs.', '2020-10-28 18:58:14', 0),
(145, 'Menambah Data dosen Muh. Yamin, S.T., M.Eng.', '2020-10-28 18:58:32', 0),
(146, 'Menambah Data dosen L.M. Tajidun, S.T., M.Eng.', '2020-10-28 18:58:46', 0),
(147, 'Menambah Data dosen Subardin, S.T., M.T.', '2020-10-28 18:59:02', 0),
(148, 'Menambah Data dosen L. M. Fid Aksara, S.Kom., M. Kom', '2020-10-28 18:59:16', 0),
(149, 'Menambah Data dosen Rahmat Ramadhan, S.Si.,M.Cs', '2020-10-28 18:59:32', 0),
(150, 'Menambah Data dosen Natalis Ransi, S.Si., M.Cs.', '2020-10-28 18:59:43', 0),
(151, 'Menambah Data dosen Jumadil Nangi, S.Kom., M.T.', '2020-10-28 18:59:53', 0),
(152, 'Menambah Data dosen Dr. Ir. H. Muhammad Ihsan Sarita, M.Kom.', '2020-10-28 19:00:02', 0),
(153, 'Menambah Data dosen La Surimi, S.Si., M.Cs', '2020-10-28 19:00:13', 0),
(154, 'Menambah Data dosen Rizal Adi Saputra, S.T., M.Kom.', '2020-10-28 19:00:24', 0),
(155, 'Menambah Data dosen La Ode Muhammad Bahtiar Aksara, S.T., M.T. ', '2020-10-28 19:00:35', 0),
(156, 'Menambah Data dosen Adha Mashur Sajiah, S.T., M.Eng. ', '2020-10-28 19:00:45', 0),
(157, 'Mengedit Data keahlian Data Mining', '2020-10-28 20:00:01', 0),
(158, 'Mengedit Data keahlian SPK', '2020-10-28 20:00:51', 0),
(159, 'Menghapus Data keahlian SPK', '2020-10-28 20:03:08', 0),
(160, 'Menambah Data keahlian Game', '2020-10-28 20:03:31', 0),
(161, 'Mengedit Data keahlian Data Mining', '2020-10-28 20:03:37', 0),
(162, 'Mengedit Data keahlian Game', '2020-10-28 20:03:46', 0),
(163, 'Mengedit Data keahlian Data Mining', '2020-10-28 20:03:50', 0),
(164, 'Mengedit Data keahlian Game', '2020-10-28 20:04:00', 0),
(165, 'Menambah Data keahlian GIS', '2020-10-28 20:04:16', 0),
(166, 'Menambah Data keahlian Jaringan', '2020-10-28 20:04:26', 0),
(167, 'Menambah Data keahlian Mikrokontroller', '2020-10-28 20:05:03', 0),
(168, 'Menambah Data keahlian SPK', '2020-10-28 20:05:19', 0),
(169, 'Menambah Data keahlian Pengolahan Citra', '2020-10-28 20:05:36', 0),
(170, 'Menambah Data keahlian RPL', '2020-10-28 20:05:48', 0),
(171, 'Menambah Data dosen Dosen A', '2020-10-28 21:23:19', 0),
(172, 'Menghapus Data dosen ', '2020-10-28 21:33:52', 0),
(173, 'Mengedit Data subkriteria Tenaga Pengajar', '2020-10-28 21:38:22', 0),
(174, 'Mengedit Data dosen DR. La Ode Muh. Golok Jaya, S.T., M.T.', '2020-10-28 21:39:01', 0),
(175, 'Mengedit Data dosen L. M. Fid Aksara, S.Kom., M. Kom', '2020-10-28 21:48:01', 0),
(176, 'Mengedit Data dosen Rahmat Ramadhan, S.Si.,M.Cs', '2020-10-28 21:48:29', 0),
(177, 'Mengedit Data dosen Natalis Ransi, S.Si., M.Cs.', '2020-10-28 21:48:44', 0),
(178, 'Mengedit Data dosen Jumadil Nangi, S.Kom., M.T.', '2020-10-28 21:50:21', 0),
(179, 'Mengedit Data dosen Dr. Ir. H. Muhammad Ihsan Sarita, M.Kom.', '2020-10-28 21:50:40', 0),
(180, 'Mengedit Data dosen La Surimi, S.Si., M.Cs', '2020-10-28 21:50:54', 0),
(181, 'Mengedit Data dosen Rizal Adi Saputra, S.T., M.Kom.', '2020-10-28 21:51:08', 0),
(182, 'Mengedit Data dosen La Ode Muhammad Bahtiar Aksara, S.T., M.T. ', '2020-10-28 21:51:23', 0),
(183, 'Mengedit Data dosen Adha Mashur Sajiah, S.T., M.Eng. ', '2020-10-28 21:51:34', 0),
(184, 'Mengedit Data dosen Sutardi, S.Kom., M.T.', '2020-10-28 21:51:47', 0),
(185, 'Mengedit Data dosen Bambang Pramono, S.Si.,M.T.', '2020-10-28 21:52:01', 0),
(186, 'Mengedit Data dosen Isnawaty, S.Si., M.T.', '2020-10-28 21:52:13', 0),
(187, 'Mengedit Data dosen Statiswaty, S.T., M.MSI.', '2020-10-28 21:52:24', 0),
(188, 'Mengedit Data dosen Ika Purwanti. Ningrum Purnama, S.Kom., M.Cs.', '2020-10-28 21:52:37', 0),
(189, 'Mengedit Data dosen Muh. Yamin, S.T., M.Eng.', '2020-10-28 21:53:17', 0),
(190, 'Mengedit Data dosen L.M. Tajidun, S.T., M.Eng.', '2020-10-28 21:53:41', 0),
(191, 'Mengedit Data dosen Subardin, S.T., M.T.', '2020-10-28 21:53:59', 0),
(192, 'Menambah Data keahlian_detail ', '2020-10-28 22:13:09', 0),
(193, 'Menambah Data keahlian_detail ', '2020-10-28 22:13:38', 0),
(194, 'Menambah Data keahlian_detail ', '2020-10-28 22:14:02', 0),
(195, 'Menambah Data keahlian_detail ', '2020-10-28 22:14:11', 0),
(196, 'Menambah Data keahlian_detail ', '2020-10-28 22:14:33', 0),
(197, 'Menambah Data keahlian_detail ', '2020-10-28 22:14:43', 0),
(198, 'Menambah Data keahlian_detail ', '2020-10-28 22:14:51', 0),
(199, 'Menambah Data keahlian_detail ', '2020-10-28 22:15:02', 0),
(200, 'Administrator Sistems melakukan login ke sistem', '2020-10-29 06:50:52', 1),
(201, 'Mengedit Data dosen DR. La Ode Muh. Golok Jaya, S.T., M.T.', '2020-10-29 06:57:48', 0),
(202, 'Mengedit Data dosen DR. La Ode Muh. Golok Jaya, S.T., M.T.', '2020-10-29 06:59:13', 0),
(203, 'Mengedit Data dosen DR. La Ode Muh. Golok Jaya, S.T., M.T.', '2020-10-29 06:59:50', 0),
(204, 'Mengedit Data dosen DR. La Ode Muh. Golok Jaya, S.T., M.T.', '2020-10-29 06:59:56', 0),
(205, 'Mengedit Data laporan ', '2020-10-29 07:31:01', 0),
(206, 'Mengedit Data laporan ', '2020-10-29 07:31:09', 0),
(207, 'Mengedit Data laporan 2', '2020-10-29 07:31:58', 0),
(208, 'Mengedit Data laporan 2', '2020-10-29 07:36:48', 0),
(209, 'Menambah Data laporan Chindy Elfiana Suci Natasiya', '2020-10-29 07:44:44', 0),
(210, 'Mengedit Data laporan 2', '2020-10-29 07:45:09', 0),
(211, 'Menghapus Data laporan 2', '2020-10-29 10:31:11', 0),
(212, 'Menambah Data laporan Muhamad Danil', '2020-10-29 10:33:07', 0),
(213, 'Mengedit Data laporan 3', '2020-10-29 10:34:01', 0),
(214, 'Menghapus Data laporan 3', '2020-10-29 10:42:10', 0),
(215, 'Menambah Data laporan Chindy Elfiana Suci Natasiya', '2020-10-29 10:42:34', 0),
(216, 'Menambah Data keahlian_detail ', '2020-10-29 10:47:04', 0),
(217, 'Menambah Data keahlian_detail ', '2020-10-29 10:47:19', 0),
(218, 'Menambah Data keahlian_detail ', '2020-10-29 10:47:33', 0),
(219, 'Menambah Data keahlian_detail ', '2020-10-29 10:47:45', 0),
(220, 'Menambah Data keahlian_detail ', '2020-10-29 10:47:57', 0),
(221, 'Menambah Data keahlian_detail ', '2020-10-29 10:48:06', 0),
(222, 'Menambah Data keahlian_detail ', '2020-10-29 10:48:14', 0),
(223, 'Menambah Data keahlian_detail ', '2020-10-29 10:48:24', 0),
(224, 'Menambah Data keahlian_detail ', '2020-10-29 10:48:33', 0),
(225, 'Menambah Data keahlian_detail ', '2020-10-29 10:48:42', 0),
(226, 'Menambah Data keahlian_detail ', '2020-10-29 10:48:50', 0),
(227, 'Menambah Data keahlian_detail ', '2020-10-29 10:49:00', 0),
(228, 'Menambah Data keahlian_detail ', '2020-10-29 10:49:10', 0),
(229, 'Menambah Data keahlian_detail ', '2020-10-29 10:49:20', 0),
(230, 'Menambah Data keahlian_detail ', '2020-10-29 10:49:28', 0),
(231, 'Menambah Data keahlian_detail ', '2020-10-29 10:50:15', 0),
(232, 'Menambah Data keahlian Kecerdasan Buatan', '2020-10-29 12:10:59', 0),
(233, 'Mengedit Data keahlian Mikrocontroller', '2020-10-29 12:11:11', 0),
(234, 'Menambah Data keahlian Multimedia', '2020-10-29 12:11:34', 0),
(235, 'Menambah Data keahlian Sistem Keamanan Data', '2020-10-29 12:12:06', 0),
(236, 'Administrator Sistems melakukan login ke sistem', '2020-10-29 18:15:08', 1),
(237, 'Administrator Sistems melakukan login ke sistem', '2020-10-30 07:55:40', 1),
(238, 'Menambah Data rekomendasi Muhamad Danil', '2020-10-30 09:10:42', 0),
(239, 'Administrator Sistems melakukan login ke sistem', '2020-10-30 14:22:50', 1),
(240, 'Menambah Data rekomendasi Muhamad Danil', '2020-10-30 16:07:15', 0),
(241, 'Menghapus Data rekomendasi 1', '2020-10-30 16:11:54', 0),
(242, 'Menambah Data rekomendasi Muhamad Danil', '2020-10-30 16:14:23', 0),
(243, 'Menambah Data rekomendasi Muhamad Danil', '2020-10-30 16:17:52', 0),
(244, 'Menambah Data rekomendasi Muhamad Danil', '2020-10-30 16:24:20', 0),
(245, 'Menambah Data rekomendasi Chindy Elfiana Suci Natasiya', '2020-10-30 16:29:07', 0),
(246, 'Administrator Sistems melakukan login ke sistem', '2020-10-30 22:27:29', 1),
(247, 'Administrator Sistems melakukan login ke sistem', '2020-10-31 08:32:54', 1),
(248, 'Menambah Data laporan Iqbal Tahir', '2020-10-31 08:49:42', 0),
(249, 'Administrator Sistems melakukan login ke sistem', '2020-10-31 16:50:00', 1),
(250, 'Administrator Sistems melakukan login ke sistem', '2020-11-01 10:46:29', 1),
(251, 'Menambah Data keahlian_detail ', '2020-11-01 11:05:41', 1),
(252, 'Menghapus Data keahlian_detail 29', '2020-11-01 11:05:58', 1),
(253, 'Menghapus Data keahlian_detail 27', '2020-11-01 11:06:09', 1),
(254, 'Menghapus Data keahlian_detail 26', '2020-11-01 11:06:18', 1),
(255, 'Menghapus Data laporan 4', '2020-11-01 11:07:14', 1),
(256, 'Menambah Data laporan Muhamad Danil', '2020-11-01 11:08:14', 1),
(257, 'Mengedit Data laporan 5', '2020-11-01 11:10:03', 1),
(258, 'Mengedit Data laporan 7', '2020-11-01 11:10:15', 1),
(259, 'Administrator Sistems melakukan login ke sistem', '2020-11-01 20:11:33', 1),
(260, 'Administrator Sistems melakukan login ke sistem', '2020-11-03 12:10:03', 1),
(261, 'Mengedit Data kriteria Keahlian', '2020-11-03 12:12:23', 1),
(262, 'Mengedit Data kriteria Jabatan Fungsional', '2020-11-03 12:12:29', 1),
(263, 'Mengedit Data kriteria Tingkat Pendidikan', '2020-11-03 12:12:48', 1),
(264, 'Mengedit Data kriteria Status', '2020-11-03 12:12:55', 1),
(265, 'Administrator Sistems melakukan login ke sistem', '2020-11-03 14:17:13', 1),
(266, 'Administrator Sistems melakukan login ke sistem', '2020-11-03 14:17:15', 1),
(267, 'Menghapus Data dosen ', '2020-11-03 14:35:25', 1),
(268, 'Menghapus Data dosen ', '2020-11-03 14:35:38', 1),
(269, 'Menghapus Data dosen ', '2020-11-03 14:35:41', 1),
(270, 'Menghapus Data dosen ', '2020-11-03 14:35:44', 1),
(271, 'Menghapus Data dosen ', '2020-11-03 14:35:47', 1),
(272, 'Menghapus Data dosen ', '2020-11-03 14:35:50', 1),
(273, 'Menghapus Data dosen ', '2020-11-03 14:35:53', 1),
(274, 'Menghapus Data dosen ', '2020-11-03 14:35:56', 1),
(275, 'Menghapus Data dosen ', '2020-11-03 14:35:58', 1),
(276, 'Menghapus Data dosen ', '2020-11-03 14:36:01', 1),
(277, 'Menghapus Data dosen ', '2020-11-03 14:36:03', 1),
(278, 'Menghapus Data dosen ', '2020-11-03 14:36:06', 1),
(279, 'Menghapus Data dosen ', '2020-11-03 14:36:09', 1),
(280, 'Menghapus Data dosen ', '2020-11-03 14:36:16', 1),
(281, 'Menghapus Data dosen ', '2020-11-03 14:36:20', 1),
(282, 'Menghapus Data dosen ', '2020-11-03 14:36:23', 1),
(283, 'Menghapus Data dosen ', '2020-11-03 14:36:26', 1),
(284, 'Menambah Data dosen Dr. La Ode Muh. Golok Jaya, ST., MT', '2020-11-03 14:37:10', 1),
(285, 'Menambah Data dosen Ika Purwanti Ningrum P, S.Kom., M.Cs', '2020-11-03 14:39:13', 1),
(286, 'Menambah Data dosen Sutardi, S.Kom., MT', '2020-11-03 14:39:51', 1),
(287, 'Menghapus Data dosen ', '2020-11-03 14:40:02', 1),
(288, 'Menambah Data dosen Isnawaty, ST., MT', '2020-11-03 14:40:40', 1),
(289, 'Menambah Data dosen Bambang Pramono, ST., MT', '2020-11-03 14:41:06', 1),
(290, 'Menambah Data dosen Muh. Yamin, ST., M.Eng', '2020-11-03 14:42:07', 1),
(291, 'Menambah Data dosen Dr. Ir. Muh. Ihsan Sarita, M.Kom', '2020-11-03 14:42:45', 1),
(292, 'Menambah Data dosen Statiswaty, ST., M.Si', '2020-11-03 14:43:50', 1),
(293, 'Menambah Data dosen L.M. Fid Aksara, S.Kom., M.Kom', '2020-11-03 14:44:38', 1),
(294, 'Menambah Data dosen Jumadil Nangi, S.Kom., MT', '2020-11-03 14:45:38', 1),
(295, 'Menambah Data dosen Natalis Ransi, S.Kom., M.Kom', '2020-11-03 14:46:48', 1),
(296, 'Menambah Data dosen Adha Mashuri Sajiah, ST., M.Eng', '2020-11-03 14:47:16', 1),
(297, 'Menambah Data dosen Rizal Adi Saputra, ST., M.Kom', '2020-11-03 14:47:59', 1),
(298, 'Menambah Data dosen LM. Bahtiar Aksara, ST., MT', '2020-11-03 14:48:43', 1),
(299, 'Menambah Data dosen Rahmat Ramadhan, S.Si., M.Cs', '2020-11-03 14:50:23', 1),
(300, 'Menambah Data dosen La Surimi, S.Si., M.Cs', '2020-11-03 14:50:49', 1),
(301, 'Menambah Data dosen Ld. Muh. Tajidun, ST., M.Eng', '2020-11-03 14:51:44', 1),
(302, 'Menambah Data dosen Subardin, ST., MT', '2020-11-03 14:52:02', 1),
(303, 'Mengedit Data keahlian Game', '2020-11-03 14:53:53', 1),
(304, 'Menghapus Data keahlian Game', '2020-11-03 14:54:16', 1),
(305, 'Menambah Data keahlian Game', '2020-11-03 14:54:29', 1),
(306, 'Menghapus Data keahlian GIS', '2020-11-03 14:54:40', 1),
(307, 'Menambah Data keahlian GIS', '2020-11-03 14:54:54', 1),
(308, 'Menghapus Data keahlian Jaringan', '2020-11-03 14:55:15', 1),
(309, 'Menambah Data keahlian Jaringan Komputer', '2020-11-03 14:55:57', 1),
(310, 'Menghapus Data keahlian Mikrocontroller', '2020-11-03 14:56:05', 1),
(311, 'Menambah Data keahlian Microcontroller', '2020-11-03 14:56:26', 1),
(312, 'Menambah Data keahlian Mikrotik', '2020-11-03 14:56:44', 1),
(313, 'Menghapus Data keahlian SPK', '2020-11-03 14:56:54', 1),
(314, 'Menghapus Data keahlian SPK', '2020-11-03 14:57:00', 1),
(315, 'Menghapus Data keahlian SPK', '2020-11-03 14:57:02', 1),
(316, 'Menghapus Data keahlian SPK', '2020-11-03 14:57:05', 1),
(317, 'Menambah Data keahlian SPK', '2020-11-03 14:57:24', 1),
(318, 'Menghapus Data keahlian Pengolahan Citra', '2020-11-03 14:57:49', 1),
(319, 'Menambah Data keahlian Pengolahan Citra', '2020-11-03 14:58:14', 1),
(320, 'Menghapus Data keahlian RPL', '2020-11-03 14:58:37', 1),
(321, 'Menambah Data keahlian Rekayasa Perangkat Lunak', '2020-11-03 14:59:19', 1),
(322, 'Menghapus Data keahlian Multimedia', '2020-11-03 15:00:00', 1),
(323, 'Menambah Data keahlian Multimedia', '2020-11-03 15:00:35', 1),
(324, 'Menghapus Data keahlian Sistem Keamanan Data', '2020-11-03 15:00:50', 1),
(325, 'Menambah Data keahlian Sistem Keamanan Data', '2020-11-03 15:01:15', 1),
(326, 'Menghapus Data keahlian Data Mining', '2020-11-03 15:01:46', 1),
(327, 'Menambah Data keahlian Data Mining', '2020-11-03 15:02:07', 1),
(328, 'Menghapus Data keahlian Kecerdasan Buatan', '2020-11-03 15:02:40', 1),
(329, 'Menambah Data keahlian Komputasi Cerdas Visualisasi', '2020-11-03 15:03:08', 1),
(330, 'Menghapus Data keahlian_detail 1', '2020-11-03 15:03:49', 1),
(331, 'Menghapus Data keahlian_detail 2', '2020-11-03 15:04:00', 1),
(332, 'Menghapus Data keahlian_detail 3', '2020-11-03 15:04:13', 1),
(333, 'Menghapus Data keahlian_detail 4', '2020-11-03 15:04:23', 1),
(334, 'Menghapus Data keahlian_detail 5', '2020-11-03 15:04:38', 1),
(335, 'Menghapus Data keahlian_detail 6', '2020-11-03 15:04:49', 1),
(336, 'Menghapus Data keahlian_detail 7', '2020-11-03 15:05:03', 1),
(337, 'Menghapus Data keahlian_detail 8', '2020-11-03 15:05:12', 1),
(338, 'Menghapus Data keahlian_detail 9', '2020-11-03 15:05:19', 1),
(339, 'Menghapus Data keahlian_detail 10', '2020-11-03 15:05:33', 1),
(340, 'Menghapus Data keahlian_detail 11', '2020-11-03 15:05:42', 1),
(341, 'Menghapus Data keahlian_detail 12', '2020-11-03 15:05:48', 1),
(342, 'Menghapus Data keahlian_detail 13', '2020-11-03 15:05:58', 1),
(343, 'Administrator Sistems melakukan login ke sistem', '2020-11-03 22:49:45', 1),
(344, 'Administrator Sistems melakukan login ke sistem', '2020-11-03 23:01:56', 1),
(345, 'Administrator Sistems melakukan login ke sistem', '2020-11-04 10:49:51', 1),
(346, 'Administrator Sistems melakukan login ke sistem', '2020-11-04 10:49:52', 1),
(347, 'Menghapus Data keahlian_detail 14', '2020-11-04 10:52:02', 1),
(348, 'Menghapus Data keahlian_detail 15', '2020-11-04 10:52:12', 1),
(349, 'Menghapus Data keahlian_detail 16', '2020-11-04 10:52:25', 1),
(350, 'Menghapus Data keahlian_detail 17', '2020-11-04 10:52:31', 1),
(351, 'Menghapus Data keahlian_detail 18', '2020-11-04 10:52:37', 1),
(352, 'Menghapus Data keahlian_detail 19', '2020-11-04 10:52:45', 1),
(353, 'Menghapus Data keahlian_detail 20', '2020-11-04 10:52:51', 1),
(354, 'Menghapus Data keahlian_detail 21', '2020-11-04 10:52:54', 1),
(355, 'Menghapus Data keahlian_detail 22', '2020-11-04 10:52:57', 1),
(356, 'Menghapus Data keahlian_detail 23', '2020-11-04 10:53:06', 1),
(357, 'Menghapus Data keahlian_detail 24', '2020-11-04 10:53:10', 1),
(358, 'Menghapus Data keahlian_detail 25', '2020-11-04 10:53:14', 1),
(359, 'Menambah Data keahlian_detail ', '2020-11-04 10:54:12', 1),
(360, 'Menghapus Data keahlian_detail 28', '2020-11-04 10:54:17', 1),
(361, 'Menambah Data keahlian_detail ', '2020-11-04 10:54:59', 1),
(362, 'Menambah Data keahlian_detail ', '2020-11-04 10:56:04', 1),
(363, 'Menambah Data keahlian_detail ', '2020-11-04 10:56:50', 1),
(364, 'Menambah Data keahlian_detail ', '2020-11-04 10:57:13', 1),
(365, 'Menambah Data keahlian_detail ', '2020-11-04 10:57:42', 1),
(366, 'Menambah Data keahlian_detail ', '2020-11-04 10:58:16', 1),
(367, 'Menambah Data keahlian_detail ', '2020-11-04 10:58:48', 1),
(368, 'Menambah Data keahlian_detail ', '2020-11-04 10:59:07', 1),
(369, 'Menambah Data keahlian_detail ', '2020-11-04 10:59:33', 1),
(370, 'Menambah Data keahlian_detail ', '2020-11-04 11:00:18', 1),
(371, 'Menambah Data keahlian_detail ', '2020-11-04 11:00:43', 1),
(372, 'Menambah Data keahlian_detail ', '2020-11-04 11:01:06', 1),
(373, 'Menambah Data keahlian_detail ', '2020-11-04 11:01:26', 1),
(374, 'Menambah Data keahlian_detail ', '2020-11-04 11:01:50', 1),
(375, 'Menambah Data keahlian_detail ', '2020-11-04 11:02:09', 1),
(376, 'Menambah Data keahlian_detail ', '2020-11-04 11:02:31', 1),
(377, 'Menambah Data keahlian_detail ', '2020-11-04 11:02:44', 1),
(378, 'Menambah Data keahlian_detail ', '2020-11-04 11:05:01', 1),
(379, 'Menambah Data keahlian_detail ', '2020-11-04 11:05:30', 1),
(380, 'Menambah Data keahlian_detail ', '2020-11-04 11:05:53', 1),
(381, 'Menambah Data keahlian_detail ', '2020-11-04 11:06:33', 1),
(382, 'Menambah Data keahlian_detail ', '2020-11-04 11:06:58', 1),
(383, 'Menambah Data keahlian_detail ', '2020-11-04 11:07:12', 1),
(384, 'Menambah Data keahlian_detail ', '2020-11-04 11:07:28', 1),
(385, 'Menambah Data keahlian_detail ', '2020-11-04 11:07:48', 1),
(386, 'Menambah Data keahlian_detail ', '2020-11-04 11:08:01', 1),
(387, 'Menambah Data keahlian_detail ', '2020-11-04 11:08:18', 1),
(388, 'Menambah Data keahlian_detail ', '2020-11-04 11:08:33', 1),
(389, 'Menambah Data keahlian_detail ', '2020-11-04 11:09:45', 1),
(390, 'Menambah Data keahlian_detail ', '2020-11-04 11:10:04', 1),
(391, 'Menambah Data keahlian_detail ', '2020-11-04 11:10:43', 1),
(392, 'Menambah Data keahlian_detail ', '2020-11-04 11:11:01', 1),
(393, 'Menambah Data keahlian_detail ', '2020-11-04 11:11:29', 1),
(394, 'Menambah Data keahlian_detail ', '2020-11-04 11:12:19', 1),
(395, 'Menambah Data keahlian_detail ', '2020-11-04 11:12:35', 1),
(396, 'Menambah Data keahlian_detail ', '2020-11-04 11:13:01', 1),
(397, 'Menambah Data keahlian_detail ', '2020-11-04 11:13:25', 1),
(398, 'Menambah Data keahlian_detail ', '2020-11-04 11:13:41', 1),
(399, 'Menambah Data keahlian_detail ', '2020-11-04 11:14:09', 1),
(400, 'Menambah Data keahlian_detail ', '2020-11-04 11:15:00', 1),
(401, 'Menambah Data keahlian_detail ', '2020-11-04 11:15:24', 1),
(402, 'Mengedit Data keahlian_detail 69', '2020-11-04 11:16:01', 1),
(403, 'Menambah Data keahlian_detail ', '2020-11-04 11:18:09', 1),
(404, 'Menambah Data keahlian_detail ', '2020-11-04 11:18:33', 1),
(405, 'Menambah Data keahlian_detail ', '2020-11-04 11:19:07', 1),
(406, 'Menambah Data keahlian_detail ', '2020-11-04 11:19:31', 1),
(407, 'Menambah Data keahlian_detail ', '2020-11-04 11:20:58', 1),
(408, 'Menambah Data keahlian_detail ', '2020-11-04 11:21:33', 1),
(409, 'Menambah Data keahlian_detail ', '2020-11-04 11:21:44', 1),
(410, 'Menambah Data keahlian_detail ', '2020-11-04 11:22:01', 1),
(411, 'Menambah Data keahlian_detail ', '2020-11-04 11:22:35', 1),
(412, 'Menambah Data keahlian_detail ', '2020-11-04 11:23:36', 1),
(413, 'Menambah Data keahlian_detail ', '2020-11-04 11:23:49', 1),
(414, 'Menambah Data keahlian_detail ', '2020-11-04 11:24:02', 1),
(415, 'Menambah Data keahlian_detail ', '2020-11-04 11:27:57', 1),
(416, 'Mengedit Data keahlian_detail 84', '2020-11-04 11:28:16', 1),
(417, 'Menambah Data keahlian_detail ', '2020-11-04 11:28:55', 1),
(418, 'Menambah Data keahlian_detail ', '2020-11-04 11:33:18', 1),
(419, 'Menambah Data keahlian_detail ', '2020-11-04 11:33:32', 1),
(420, 'Menambah Data keahlian_detail ', '2020-11-04 11:34:01', 1),
(421, 'Menambah Data keahlian_detail ', '2020-11-04 11:34:26', 1),
(422, 'Menambah Data keahlian_detail ', '2020-11-04 11:34:40', 1),
(423, 'Menambah Data keahlian_detail ', '2020-11-04 11:34:50', 1),
(424, 'Menambah Data keahlian_detail ', '2020-11-04 11:35:03', 1),
(425, 'Menambah Data keahlian_detail ', '2020-11-04 11:35:26', 1),
(426, 'Menambah Data keahlian_detail ', '2020-11-04 11:35:35', 1),
(427, 'Menambah Data keahlian_detail ', '2020-11-04 11:36:52', 1),
(428, 'Menambah Data keahlian_detail ', '2020-11-04 11:37:06', 1),
(429, 'Menambah Data keahlian_detail ', '2020-11-04 11:38:01', 1),
(430, 'Menambah Data keahlian_detail ', '2020-11-04 11:38:43', 1),
(431, 'Menambah Data keahlian_detail ', '2020-11-04 11:38:53', 1),
(432, 'Menambah Data keahlian_detail ', '2020-11-04 11:39:24', 1),
(433, 'Menambah Data keahlian_detail ', '2020-11-04 11:39:35', 1),
(434, 'Menambah Data keahlian_detail ', '2020-11-04 11:40:00', 1),
(435, 'Menambah Data keahlian_detail ', '2020-11-04 11:40:08', 1),
(436, 'Menambah Data keahlian_detail ', '2020-11-04 11:40:20', 1),
(437, 'Menambah Data keahlian_detail ', '2020-11-04 11:40:28', 1),
(438, 'Menambah Data keahlian_detail ', '2020-11-04 11:40:43', 1),
(439, 'Menambah Data keahlian_detail ', '2020-11-04 11:41:02', 1),
(440, 'Menambah Data keahlian_detail ', '2020-11-04 11:41:12', 1),
(441, 'Menambah Data keahlian_detail ', '2020-11-04 11:41:23', 1),
(442, 'Menambah Data keahlian_detail ', '2020-11-04 11:41:38', 1),
(443, 'Menambah Data keahlian_detail ', '2020-11-04 11:42:48', 1),
(444, 'Menambah Data keahlian_detail ', '2020-11-04 11:42:57', 1),
(445, 'Menambah Data keahlian_detail ', '2020-11-04 11:43:23', 1),
(446, 'Menambah Data keahlian_detail ', '2020-11-04 11:43:32', 1),
(447, 'Menambah Data keahlian_detail ', '2020-11-04 11:43:43', 1),
(448, 'Menambah Data keahlian_detail ', '2020-11-04 11:43:57', 1),
(449, 'Menambah Data keahlian_detail ', '2020-11-04 11:44:19', 1),
(450, 'Menambah Data keahlian_detail ', '2020-11-04 11:44:37', 1),
(451, 'Menambah Data keahlian_detail ', '2020-11-04 11:44:45', 1),
(452, 'Menambah Data keahlian_detail ', '2020-11-04 11:45:04', 1),
(453, 'Menambah Data keahlian_detail ', '2020-11-04 11:45:15', 1),
(454, 'Menambah Data keahlian_detail ', '2020-11-04 11:45:24', 1),
(455, 'Menambah Data keahlian_detail ', '2020-11-04 11:45:32', 1),
(456, 'Mengedit Data keahlian_detail 123', '2020-11-04 11:45:43', 1),
(457, 'Menambah Data keahlian_detail ', '2020-11-04 11:46:02', 1),
(458, 'Menambah Data keahlian_detail ', '2020-11-04 11:46:11', 1),
(459, 'Menambah Data keahlian_detail ', '2020-11-04 11:46:22', 1),
(460, 'Menambah Data keahlian_detail ', '2020-11-04 11:46:30', 1),
(461, 'Menambah Data keahlian_detail ', '2020-11-04 11:46:42', 1),
(462, 'Menambah Data keahlian_detail ', '2020-11-04 11:46:55', 1),
(463, 'Menambah Data keahlian_detail ', '2020-11-04 11:47:07', 1),
(464, 'Menambah Data keahlian_detail ', '2020-11-04 11:47:16', 1),
(465, 'Menambah Data keahlian_detail ', '2020-11-04 11:47:28', 1),
(466, 'Menambah Data keahlian_detail ', '2020-11-04 11:47:37', 1),
(467, 'Mengedit Data keahlian_detail 133', '2020-11-04 11:47:49', 1),
(468, 'Menambah Data keahlian_detail ', '2020-11-04 11:48:09', 1),
(469, 'Menambah Data keahlian_detail ', '2020-11-04 11:48:20', 1),
(470, 'Menambah Data keahlian_detail ', '2020-11-04 11:48:32', 1),
(471, 'Menambah Data keahlian_detail ', '2020-11-04 11:48:42', 1),
(472, 'Menambah Data keahlian_detail ', '2020-11-04 11:49:25', 1),
(473, 'Menambah Data keahlian_detail ', '2020-11-04 11:49:33', 1),
(474, 'Menambah Data keahlian_detail ', '2020-11-04 11:49:47', 1),
(475, 'Menambah Data keahlian_detail ', '2020-11-04 11:49:56', 1),
(476, 'Menambah Data keahlian_detail ', '2020-11-04 11:50:12', 1),
(477, 'Menambah Data keahlian_detail ', '2020-11-04 11:50:21', 1),
(478, 'Menambah Data keahlian_detail ', '2020-11-04 11:50:38', 1),
(479, 'Menambah Data keahlian_detail ', '2020-11-04 11:50:50', 1),
(480, 'Menambah Data keahlian_detail ', '2020-11-04 11:51:02', 1),
(481, 'Menambah Data keahlian_detail ', '2020-11-04 11:51:13', 1),
(482, 'Menambah Data keahlian_detail ', '2020-11-04 11:51:23', 1),
(483, 'Menambah Data keahlian_detail ', '2020-11-04 11:51:39', 1),
(484, 'Menambah Data keahlian_detail ', '2020-11-04 11:51:54', 1),
(485, 'Menambah Data keahlian_detail ', '2020-11-04 11:52:34', 1),
(486, 'Menambah Data keahlian_detail ', '2020-11-04 11:52:46', 1),
(487, 'Menambah Data keahlian_detail ', '2020-11-04 11:53:02', 1),
(488, 'Menambah Data keahlian_detail ', '2020-11-04 11:53:13', 1),
(489, 'Menambah Data keahlian_detail ', '2020-11-04 11:53:54', 1),
(490, 'Menambah Data keahlian_detail ', '2020-11-04 11:54:35', 1),
(491, 'Menambah Data keahlian_detail ', '2020-11-04 11:54:45', 1),
(492, 'Menambah Data keahlian_detail ', '2020-11-04 11:55:05', 1),
(493, 'Menambah Data keahlian_detail ', '2020-11-04 11:55:23', 1),
(494, 'Menambah Data keahlian_detail ', '2020-11-04 11:55:35', 1),
(495, 'Menambah Data keahlian_detail ', '2020-11-04 11:55:44', 1),
(496, 'Menambah Data keahlian_detail ', '2020-11-04 11:55:54', 1),
(497, 'Menambah Data keahlian_detail ', '2020-11-04 11:56:08', 1),
(498, 'Menambah Data keahlian_detail ', '2020-11-04 11:56:17', 1),
(499, 'Menambah Data keahlian_detail ', '2020-11-04 11:56:27', 1),
(500, 'Menambah Data keahlian_detail ', '2020-11-04 11:56:46', 1),
(501, 'Menambah Data keahlian_detail ', '2020-11-04 11:56:55', 1),
(502, 'Menambah Data keahlian_detail ', '2020-11-04 11:57:03', 1),
(503, 'Menambah Data keahlian_detail ', '2020-11-04 11:57:14', 1),
(504, 'Menambah Data keahlian_detail ', '2020-11-04 11:57:24', 1),
(505, 'Menambah Data keahlian_detail ', '2020-11-04 11:57:33', 1),
(506, 'Menambah Data keahlian_detail ', '2020-11-04 11:57:43', 1),
(507, 'Menambah Data keahlian_detail ', '2020-11-04 11:58:01', 1),
(508, 'Menambah Data keahlian_detail ', '2020-11-04 11:59:22', 1),
(509, 'Menambah Data keahlian_detail ', '2020-11-04 11:59:30', 1),
(510, 'Menambah Data keahlian_detail ', '2020-11-04 11:59:51', 1),
(511, 'Menambah Data keahlian_detail ', '2020-11-04 12:01:59', 1),
(512, 'Menambah Data keahlian_detail ', '2020-11-04 12:02:40', 1),
(513, 'Menambah Data keahlian_detail ', '2020-11-04 12:02:51', 1),
(514, 'Menambah Data keahlian_detail ', '2020-11-04 12:03:04', 1),
(515, 'Menambah Data keahlian_detail ', '2020-11-04 12:03:16', 1),
(516, 'Menambah Data keahlian_detail ', '2020-11-04 12:03:27', 1),
(517, 'Menambah Data keahlian_detail ', '2020-11-04 12:05:55', 1),
(518, 'Menambah Data keahlian_detail ', '2020-11-04 12:06:06', 1),
(519, 'Menambah Data keahlian_detail ', '2020-11-04 12:06:19', 1),
(520, 'Menambah Data keahlian_detail ', '2020-11-04 12:06:35', 1),
(521, 'Menambah Data keahlian_detail ', '2020-11-04 12:06:50', 1),
(522, 'Menambah Data keahlian_detail ', '2020-11-04 12:07:00', 1),
(523, 'Menambah Data keahlian_detail ', '2020-11-04 12:07:14', 1),
(524, 'Menambah Data keahlian_detail ', '2020-11-04 12:07:32', 1),
(525, 'Menambah Data keahlian_detail ', '2020-11-04 12:07:45', 1),
(526, 'Menambah Data keahlian_detail ', '2020-11-04 12:08:23', 1),
(527, 'Menambah Data keahlian_detail ', '2020-11-04 12:08:40', 1),
(528, 'Menambah Data keahlian_detail ', '2020-11-04 12:08:49', 1),
(529, 'Menambah Data keahlian_detail ', '2020-11-04 12:09:03', 1),
(530, 'Menambah Data keahlian_detail ', '2020-11-04 12:09:13', 1),
(531, 'Menambah Data keahlian_detail ', '2020-11-04 12:09:24', 1),
(532, 'Menambah Data keahlian_detail ', '2020-11-04 12:09:46', 1),
(533, 'Menambah Data keahlian_detail ', '2020-11-04 12:10:17', 1),
(534, 'Menambah Data keahlian_detail ', '2020-11-04 12:10:29', 1),
(535, 'Menambah Data keahlian_detail ', '2020-11-04 12:11:09', 1),
(536, 'Menambah Data keahlian_detail ', '2020-11-04 12:11:21', 1),
(537, 'Menambah Data keahlian_detail ', '2020-11-04 12:11:32', 1),
(538, 'Menambah Data keahlian_detail ', '2020-11-04 12:11:48', 1),
(539, 'Menambah Data keahlian_detail ', '2020-11-04 12:12:04', 1),
(540, 'Menambah Data keahlian_detail ', '2020-11-04 12:12:20', 1),
(541, 'Menambah Data keahlian_detail ', '2020-11-04 12:12:33', 1),
(542, 'Menambah Data keahlian_detail ', '2020-11-04 12:13:33', 1),
(543, 'Menambah Data keahlian_detail ', '2020-11-04 12:13:56', 1),
(544, 'Menghapus Data laporan 5', '2020-11-04 12:33:53', 1),
(545, 'Menghapus Data laporan 6', '2020-11-04 12:34:07', 1),
(546, 'Menghapus Data laporan 7', '2020-11-04 12:34:10', 1),
(547, 'Menambah Data keahlian_detail ', '2020-11-04 12:42:27', 1),
(548, 'Menambah Data keahlian_detail ', '2020-11-04 12:42:37', 1),
(549, 'Menambah Data keahlian_detail ', '2020-11-04 12:43:23', 1),
(550, 'Menambah Data keahlian_detail ', '2020-11-04 12:44:13', 1),
(551, 'Menambah Data keahlian_detail ', '2020-11-04 12:48:09', 1),
(552, 'Menambah Data keahlian_detail ', '2020-11-04 12:48:35', 1),
(553, 'Menambah Data keahlian_detail ', '2020-11-04 12:49:15', 1),
(554, 'Menambah Data keahlian_detail ', '2020-11-04 12:49:22', 1),
(555, 'Menambah Data keahlian_detail ', '2020-11-04 12:49:32', 1),
(556, 'Menambah Data keahlian_detail ', '2020-11-04 12:49:40', 1),
(557, 'Menambah Data keahlian_detail ', '2020-11-04 12:49:47', 1),
(558, 'Menambah Data keahlian_detail ', '2020-11-04 12:49:55', 1),
(559, 'Menambah Data keahlian_detail ', '2020-11-04 12:50:17', 1),
(560, 'Menambah Data keahlian_detail ', '2020-11-04 12:50:36', 1),
(561, 'Menambah Data keahlian_detail ', '2020-11-04 12:50:46', 1),
(562, 'Menambah Data keahlian_detail ', '2020-11-04 12:50:54', 1),
(563, 'Menambah Data keahlian_detail ', '2020-11-04 12:51:48', 1),
(564, 'Menambah Data keahlian_detail ', '2020-11-04 12:52:00', 1),
(565, 'Menambah Data keahlian_detail ', '2020-11-04 12:52:23', 1),
(566, 'Mengedit Data keahlian_detail 228', '2020-11-04 12:52:38', 1),
(567, 'Menambah Data keahlian_detail ', '2020-11-04 12:52:51', 1),
(568, 'Menambah Data keahlian_detail ', '2020-11-04 12:53:00', 1),
(569, 'Menambah Data keahlian_detail ', '2020-11-04 12:53:10', 1),
(570, 'Menambah Data keahlian_detail ', '2020-11-04 12:53:43', 1),
(571, 'Menambah Data keahlian_detail ', '2020-11-04 12:53:50', 1),
(572, 'Menambah Data keahlian_detail ', '2020-11-04 12:53:58', 1),
(573, 'Menambah Data keahlian_detail ', '2020-11-04 12:54:07', 1),
(574, 'Menambah Data keahlian_detail ', '2020-11-04 12:54:16', 1),
(575, 'Menambah Data keahlian_detail ', '2020-11-04 12:54:24', 1),
(576, 'Menambah Data keahlian_detail ', '2020-11-04 12:54:32', 1),
(577, 'Menambah Data keahlian_detail ', '2020-11-04 12:54:40', 1),
(578, 'Menambah Data keahlian_detail ', '2020-11-04 12:54:48', 1),
(579, 'Menambah Data keahlian_detail ', '2020-11-04 12:54:56', 1),
(580, 'Menambah Data keahlian_detail ', '2020-11-04 12:55:07', 1),
(581, 'Menambah Data keahlian_detail ', '2020-11-04 12:55:16', 1),
(582, 'Menambah Data keahlian_detail ', '2020-11-04 12:55:24', 1),
(583, 'Menambah Data keahlian_detail ', '2020-11-04 12:55:32', 1),
(584, 'Administrator Sistems melakukan login ke sistem', '2020-11-04 19:02:54', 1),
(585, 'Menambah Data laporan Muhamad Danil', '2020-11-04 19:06:26', 1),
(586, 'Mengedit Data laporan 8', '2020-11-04 20:27:20', 1),
(587, 'Administrator Sistems melakukan login ke sistem', '2020-11-05 11:46:33', 1),
(588, 'Menghapus Data laporan 8', '2020-11-05 11:46:50', 1),
(589, 'Administrator Sistems melakukan login ke sistem', '2020-11-05 11:51:36', 1),
(590, 'Mengedit Data keahlian_detail 128', '2020-11-05 11:53:39', 1),
(591, 'Administrator Sistems melakukan login ke sistem', '2020-11-08 11:10:30', 1),
(592, 'Menambah Data laporan Triman Wicaksono', '2020-11-08 11:22:43', 1),
(593, 'Administrator Sistems melakukan login ke sistem', '2020-11-08 22:12:39', 1),
(594, 'Administrator Sistems melakukan login ke sistem', '2020-11-09 14:58:42', 1),
(595, 'Administrator Sistems melakukan login ke sistem', '2020-11-10 15:01:24', 1),
(596, 'Mengedit Data laporan 9', '2020-11-10 15:07:42', 1),
(597, 'Administrator Sistems melakukan login ke sistem', '2020-11-10 19:03:24', 1),
(598, 'muhamad danil melakukan login ke sistem', '2020-11-10 19:05:00', 6),
(599, 'Administrator Sistems melakukan login ke sistem', '2020-11-10 19:05:19', 1),
(600, 'muhamad danil melakukan login ke sistem', '2020-11-10 19:10:34', 6),
(601, 'Administrator Sistems melakukan login ke sistem', '2020-11-10 19:11:25', 1),
(602, 'Administrator Sistems melakukan login ke sistem', '2020-11-11 10:53:48', 1),
(603, 'Administrator Sistems melakukan login ke sistem', '2020-11-11 22:36:27', 1),
(604, 'Menambah Data laporan E1E116020', '2020-11-11 22:40:34', 1),
(605, 'Mengedit Data laporan 10', '2020-11-11 22:41:07', 1),
(606, 'Administrator Sistems melakukan login ke sistem', '2020-11-12 09:55:31', 1),
(607, 'Administrator Sistems melakukan login ke sistem', '2020-11-12 14:20:58', 1),
(608, 'Administrator Sistems melakukan login ke sistem', '2020-11-13 13:47:09', 1),
(609, 'Administrator Sistems melakukan login ke sistem', '2020-11-13 18:51:00', 1),
(610, 'Administrator Sistems melakukan login ke sistem', '2020-11-13 20:31:10', 1),
(611, 'Administrator Sistems melakukan login ke sistem', '2020-11-13 23:01:19', 1),
(612, 'Administrator Sistems melakukan login ke sistem', '2020-11-15 22:02:35', 1),
(613, 'Administrator Sistems melakukan login ke sistem', '2020-11-16 18:32:35', 1),
(614, 'Administrator Sistems melakukan login ke sistem', '2020-11-16 18:33:20', 1),
(615, 'Menambah Data laporan Sonia Lamani', '2020-11-16 19:23:34', 1),
(616, 'Menghapus Data dosen ', '2020-11-16 19:40:51', 1),
(617, 'Mengedit Data dosen Natalis Ransi, S.Si., M.Cs', '2020-11-16 19:41:10', 1),
(618, 'Mengedit Data dosen Adha Mashur Sajiah, ST., M.Eng', '2020-11-16 19:41:25', 1),
(619, 'Menghapus Data keahlian_detail 44', '2020-11-16 19:42:05', 1),
(620, 'Menghapus Data keahlian_detail 62', '2020-11-16 19:42:15', 1),
(621, 'Menghapus Data keahlian_detail 80', '2020-11-16 19:42:32', 1),
(622, 'Menghapus Data keahlian_detail 98', '2020-11-16 19:42:44', 1),
(623, 'Menghapus Data keahlian_detail 116', '2020-11-16 19:42:57', 1),
(624, 'Menghapus Data keahlian_detail 134', '2020-11-16 19:43:10', 1),
(625, 'Menghapus Data keahlian_detail 224', '2020-11-16 19:43:24', 1),
(626, 'Menghapus Data keahlian_detail 206', '2020-11-16 19:43:49', 1),
(627, 'Menghapus Data keahlian_detail 242', '2020-11-16 19:43:59', 1),
(628, 'Menghapus Data keahlian_detail 188', '2020-11-16 19:44:16', 1),
(629, 'Menghapus Data keahlian_detail 170', '2020-11-16 19:44:29', 1),
(630, 'Menghapus Data keahlian_detail 152', '2020-11-16 19:44:49', 1),
(631, 'Administrator Sistems melakukan login ke sistem', '2020-11-16 21:42:44', 1),
(632, 'Administrator Sistems melakukan login ke sistem', '2020-11-17 11:04:18', 1),
(633, 'Mengedit Data laporan 9', '2020-11-17 11:19:18', 1),
(634, 'Mengedit Data laporan 9', '2020-11-17 11:21:18', 1),
(635, 'Mengedit Data laporan 9', '2020-11-17 11:22:02', 1),
(636, 'Mengedit Data laporan 10', '2020-11-17 12:06:07', 1),
(637, 'Mengedit Data laporan 11', '2020-11-17 12:12:12', 1),
(638, 'Mengedit Data laporan 10', '2020-11-17 12:13:31', 1),
(639, 'Administrator Sistems melakukan login ke sistem', '2020-11-17 22:15:20', 1),
(640, 'Administrator Sistems melakukan login ke sistem', '2020-11-18 01:31:49', 1),
(641, 'Mengedit Data laporan 9', '2020-11-18 02:09:59', 1),
(642, 'Mengedit Data laporan 10', '2020-11-18 02:10:54', 1),
(643, 'Mengedit Data laporan 10', '2020-11-18 02:11:44', 1),
(644, 'Administrator Sistems melakukan login ke sistem', '2020-11-18 10:39:17', 1),
(645, 'Mengedit Data laporan 10', '2020-11-18 10:45:03', 1),
(646, 'Administrator Sistems melakukan login ke sistem', '2020-11-18 13:44:45', 1),
(647, 'Mengedit Data laporan 11', '2020-11-18 14:31:07', 1),
(648, 'Administrator Sistems melakukan login ke sistem', '2020-11-18 15:01:28', 1),
(649, 'Administrator Sistems melakukan login ke sistem', '2020-11-18 17:19:29', 1),
(650, 'Administrator Sistems melakukan login ke sistem', '2020-11-18 17:38:52', 1),
(651, 'Mengedit Data kriteria Keahlian', '2020-11-18 17:40:25', 1),
(652, 'Mengedit Data kriteria Jabatan Fungsional', '2020-11-18 17:40:34', 1),
(653, 'Mengedit Data subkriteria Dosen tetap PNS', '2020-11-18 17:40:53', 1),
(654, 'Mengedit Data subkriteria Dosen tetap Non PNS', '2020-11-18 17:41:08', 1),
(655, 'Mengedit Data subkriteria S3', '2020-11-18 17:41:35', 1),
(656, 'Mengedit Data subkriteria S2', '2020-11-18 17:41:42', 1),
(657, 'Mengedit Data keahlian_detail 30', '2020-11-18 17:54:44', 1),
(658, 'Administrator Sistems melakukan login ke sistem', '2020-11-18 18:50:00', 1),
(659, 'Mengedit Data keahlian_detail 31', '2020-11-18 18:50:17', 1),
(660, 'Mengedit Data keahlian_detail 35', '2020-11-18 18:50:48', 1),
(661, 'Mengedit Data keahlian_detail 33', '2020-11-18 18:50:59', 1),
(662, 'Mengedit Data keahlian_detail 39', '2020-11-18 18:51:34', 1),
(663, 'Mengedit Data keahlian_detail 47', '2020-11-18 18:52:09', 1),
(664, 'Mengedit Data keahlian_detail 51', '2020-11-18 18:52:50', 1),
(665, 'Mengedit Data keahlian_detail 68', '2020-11-18 18:53:45', 1),
(666, 'Mengedit Data keahlian_detail 230', '2020-11-18 18:55:42', 1),
(667, 'Mengedit Data keahlian_detail 221', '2020-11-18 18:56:14', 1),
(668, 'Mengedit Data keahlian_detail 211', '2020-11-18 18:57:07', 1),
(669, 'Mengedit Data keahlian_detail 210', '2020-11-18 18:57:24', 1),
(670, 'Mengedit Data keahlian_detail 174', '2020-11-18 18:58:37', 1),
(671, 'Mengedit Data keahlian_detail 159', '2020-11-18 19:31:52', 1),
(672, 'Mengedit Data keahlian_detail 157', '2020-11-18 19:32:10', 1),
(673, 'Mengedit Data keahlian_detail 156', '2020-11-18 19:32:34', 1),
(674, 'Administrator Sistems melakukan login ke sistem', '2020-11-18 22:16:22', 1),
(675, 'Mengedit Data keahlian_detail 140', '2020-11-18 22:20:14', 1),
(676, 'Administrator Sistems melakukan login ke sistem', '2020-11-19 13:51:55', 1),
(677, 'Menghapus Data laporan 11', '2020-11-19 13:53:26', 1),
(678, 'Administrator Sistems melakukan login ke sistem', '2020-11-20 16:38:16', 1),
(679, 'Administrator Sistems melakukan login ke sistem', '2020-11-22 15:02:32', 1),
(680, 'Mengedit Data keahlian_detail 63', '2020-11-22 15:10:22', 1),
(681, 'Mengedit Data keahlian_detail 108', '2020-11-22 15:17:30', 1),
(682, 'Mengedit Data keahlian_detail 109', '2020-11-22 15:18:11', 1),
(683, 'Administrator Sistems melakukan login ke sistem', '2020-11-22 20:09:57', 1),
(684, 'Administrator Sistems melakukan login ke sistem', '2020-11-23 19:43:00', 1),
(685, 'Administrator Sistems melakukan login ke sistem', '2020-11-23 19:43:02', 1),
(686, 'Administrator Sistems melakukan login ke sistem', '2020-11-23 19:44:11', 1),
(687, 'Administrator Sistems melakukan login ke sistem', '2020-11-24 09:36:39', 1),
(688, 'Administrator Sistems melakukan login ke sistem', '2020-11-24 10:48:39', 1),
(689, 'Menambah Data dosen Dosen_Test', '2020-11-24 14:15:44', 1),
(690, 'Menghapus Data dosen ', '2020-11-24 14:15:56', 1),
(691, 'Menambah Data keahlian_detail ', '2020-11-24 14:17:10', 1),
(692, 'Menghapus Data keahlian_detail 246', '2020-11-24 14:17:25', 1),
(693, 'Mengedit Data laporan 10', '2020-11-24 14:18:09', 1),
(694, 'Admin2 melakukan login ke sistem', '2020-11-24 14:20:58', 9),
(695, 'Administrator Sistems melakukan login ke sistem', '2020-11-24 14:28:26', 1),
(696, 'Administrator Sistems melakukan login ke sistem', '2020-11-24 22:38:56', 1),
(697, 'Administrator Sistems melakukan login ke sistem', '2020-11-25 09:45:16', 1),
(698, 'Administrator Sistems melakukan login ke sistem', '2020-11-25 10:41:49', 1),
(699, 'Menambah Data laporan Triman Wicaksono', '2020-11-25 10:46:17', 1),
(700, 'Menambah Data laporan Triman Wicaksono', '2020-11-25 11:00:19', 1),
(701, 'Administrator Sistems melakukan login ke sistem', '2020-11-25 21:26:32', 1),
(702, 'Administrator Sistems melakukan login ke sistem', '2020-11-26 12:17:32', 1),
(703, 'Administrator Sistems melakukan login ke sistem', '2020-11-26 13:03:50', 1),
(704, 'Administrator Sistems melakukan login ke sistem', '2020-11-26 19:14:28', 1),
(705, 'Mengedit Data keahlian Internet of Thing', '2020-11-26 19:14:46', 1),
(706, 'Administrator Sistems melakukan login ke sistem', '2020-11-26 23:25:50', 1),
(707, 'Administrator Sistems melakukan login ke sistem', '2020-11-27 08:37:37', 1),
(708, 'Administrator Sistems melakukan login ke sistem', '2020-11-27 08:37:38', 1),
(709, 'Administrator Sistems melakukan login ke sistem', '2020-11-27 10:49:30', 1),
(710, 'Ketua Jurusan melakukan login ke sistem', '2020-11-27 11:03:35', 6),
(711, 'Selly melakukan login ke sistem', '2020-11-27 11:05:13', 10),
(712, 'Administrator Sistems melakukan login ke sistem', '2020-11-27 11:09:05', 1),
(713, 'Administrator Sistems melakukan login ke sistem', '2020-11-27 11:10:52', 1),
(714, 'Menambah Data laporan Muhamad Danil', '2020-11-27 13:22:15', 1);
INSERT INTO `log_tbl` (`log_id`, `log_message`, `log_time`, `user_id`) VALUES
(715, 'Menambah Data laporan Muhamad Danil', '2020-11-27 13:23:08', 1),
(716, 'Menghapus Data laporan 15', '2020-11-27 13:23:35', 1),
(717, 'Administrator Sistems melakukan login ke sistem', '2020-11-27 15:22:28', 1),
(718, 'Mengedit Data dosen Statiswaty, ST., M.MSi', '2020-11-27 15:22:41', 1),
(719, 'Selly melakukan login ke sistem', '2020-11-27 15:24:13', 10),
(720, 'Administrator Sistems melakukan login ke sistem', '2020-11-27 15:41:24', 1),
(721, 'Menghapus Data laporan 14', '2020-11-27 16:02:47', 1),
(722, 'Menambah Data laporan Muhamad Danil', '2020-11-27 16:03:31', 1),
(723, 'Menambah Data laporan Muhamad Danil', '2020-11-27 16:04:09', 1),
(724, 'Menghapus Data laporan 17', '2020-11-27 16:04:23', 1),
(725, 'Menambah Data laporan Muhamad Danil', '2020-11-27 16:04:50', 1),
(726, 'Menambah Data laporan Muhamad Danil', '2020-11-27 16:09:13', 1),
(727, 'Menambah Data laporan Muhamad Danil', '2020-11-27 16:20:21', 1),
(728, 'Menghapus Data laporan 20', '2020-11-27 16:20:36', 1),
(729, 'Menghapus Data laporan 19', '2020-11-27 16:20:41', 1),
(730, 'Menghapus Data laporan 18', '2020-11-27 16:20:46', 1),
(731, 'Menambah Data laporan Muhamad Danil', '2020-11-27 16:21:09', 1),
(732, 'Menambah Data laporan Muhamad Danil', '2020-11-27 16:21:43', 1),
(733, 'Menambah Data laporan Chindy Elfiana Suci Natasiya', '2020-11-27 16:24:27', 1),
(734, 'Menghapus Data laporan 23', '2020-11-27 16:25:49', 1),
(735, 'Menghapus Data laporan 22', '2020-11-27 16:25:55', 1),
(736, 'Menambah Data laporan Muhamad Danil', '2020-11-27 16:26:35', 1),
(737, 'Menambah Data laporan Muhamad Danil', '2020-11-27 16:28:45', 1),
(738, 'Menambah Data laporan Muhamad Danil', '2020-11-27 16:29:58', 1),
(739, 'Selly melakukan login ke sistem', '2020-11-27 18:54:50', 10),
(740, 'Mengedit Data laporan ANALISIS PERBANDINGAN METODE CPI DAN METODE TOPSIS PADA SISTEM PENUNJANG KEPUTUSAN DALAM MENENTUKAN DOSEN PEMBIMBING DAN PENGUJI SKRIPSI BERBASIS WEBSITE (Studi Kasus : Jurusan Teknik Informatika Universitas Halu Oleo)', '2020-11-27 19:19:07', 10),
(741, 'Mengedit Data laporan 9', '2020-11-27 19:21:26', 10),
(742, 'Administrator Sistems melakukan login ke sistem', '2020-11-27 22:08:46', 1),
(743, 'Selly melakukan login ke sistem', '2020-11-28 00:03:59', 10),
(744, 'Administrator Sistems melakukan login ke sistem', '2020-11-28 13:51:39', 1),
(745, 'Selly melakukan login ke sistem', '2020-11-28 16:16:21', 10),
(746, 'Mengedit Data laporan 9', '2020-11-28 16:19:26', 10),
(747, 'Administrator Sistems melakukan login ke sistem', '2020-11-29 09:14:56', 1),
(748, 'Menambah Data laporan Reza Sanjaya', '2020-11-29 09:17:52', 1),
(749, 'Menghapus Data laporan 12', '2020-11-29 09:18:14', 1),
(750, 'Menghapus Data laporan 13', '2020-11-29 09:18:19', 1),
(751, 'Menghapus Data laporan 21', '2020-11-29 09:18:29', 1),
(752, 'Menghapus Data laporan 24', '2020-11-29 09:18:33', 1),
(753, 'Menghapus Data laporan 25', '2020-11-29 09:18:37', 1),
(754, 'Menghapus Data laporan 26', '2020-11-29 09:18:41', 1),
(755, 'Menghapus Data laporan 27', '2020-11-29 09:18:46', 1),
(756, 'Selly melakukan login ke sistem', '2020-11-29 09:19:11', 10),
(757, 'Mengedit Data laporan 9', '2020-11-29 09:19:59', 10),
(758, 'Administrator Sistems melakukan login ke sistem', '2020-11-29 12:40:36', 1),
(759, 'Selly melakukan login ke sistem', '2020-11-29 14:10:48', 10),
(760, 'Administrator Sistems melakukan login ke sistem', '2020-11-29 14:40:47', 1),
(761, 'Selly melakukan login ke sistem', '2020-11-29 15:07:51', 10),
(762, 'Mengedit Data laporan 9', '2020-11-29 15:29:27', 10),
(763, 'Administrator Sistems melakukan login ke sistem', '2020-11-29 15:30:29', 1),
(764, 'Mengedit Data laporan 16', '2020-11-29 15:30:48', 1),
(765, 'Menambah Data laporan Muhamad Danil', '2020-11-29 15:34:58', 1),
(766, 'Menambah Data laporan Muhamad Danil', '2020-11-29 15:35:37', 1),
(767, 'Menambah Data laporan Muhamad Danil', '2020-11-29 15:37:36', 1),
(768, 'Menambah Data laporan Muhamad Danil', '2020-11-29 15:38:51', 1),
(769, 'Menambah Data laporan Muhamad Danil', '2020-11-29 15:40:10', 1),
(770, 'Menambah Data laporan Muhamad Danil', '2020-11-29 15:40:41', 1),
(771, 'Menambah Data laporan Muhamad Danil', '2020-11-29 15:46:24', 1),
(772, 'Menambah Data laporan Muhamad Danil', '2020-11-29 15:47:18', 1),
(773, 'Menambah Data laporan Muhamad Danil', '2020-11-29 15:48:00', 1),
(774, 'Menambah Data laporan Muhamad Danil', '2020-11-29 15:48:32', 1),
(775, 'Menambah Data laporan Muhamad Danil', '2020-11-29 15:49:45', 1),
(776, 'Menambah Data laporan Muhamad Danil', '2020-11-29 15:51:03', 1),
(777, 'Menghapus Data laporan 39', '2020-11-29 15:57:09', 1),
(778, 'Menghapus Data laporan 37', '2020-11-29 15:57:14', 1),
(779, 'Menambah Data laporan Muhamad Danil', '2020-11-29 15:59:56', 1),
(780, 'Menambah Data laporan Muhamad Danil', '2020-11-29 16:09:30', 1),
(781, 'Menambah Data laporan Muhamad Danil', '2020-11-29 16:09:58', 1),
(782, 'Menambah Data laporan Muhamad Danil', '2020-11-29 16:12:40', 1),
(783, 'Menambah Data laporan Muhamad Danil', '2020-11-29 16:22:05', 1),
(784, 'Menghapus Data laporan 44', '2020-11-29 16:27:56', 1),
(785, 'Menghapus Data laporan 43', '2020-11-29 16:28:00', 1),
(786, 'Menambah Data laporan Muhamad Danil', '2020-11-29 16:34:08', 1),
(787, 'Menghapus Data laporan 45', '2020-11-29 16:34:18', 1),
(788, 'Menghapus Data laporan 42', '2020-11-29 16:34:23', 1),
(789, 'Menghapus Data laporan 41', '2020-11-29 16:34:27', 1),
(790, 'Menghapus Data laporan 40', '2020-11-29 16:34:30', 1),
(791, 'Administrator Sistems melakukan login ke sistem', '2020-11-29 17:51:02', 1),
(792, 'Selly melakukan login ke sistem', '2020-11-29 17:51:16', 10),
(793, 'Administrator Sistems melakukan login ke sistem', '2020-11-30 10:45:46', 1),
(794, 'Administrator Sistems melakukan login ke sistem', '2020-11-30 11:15:16', 1),
(795, 'Administrator Sistems melakukan login ke sistem', '2020-11-30 14:38:43', 1),
(796, 'Administrator Sistems melakukan login ke sistem', '2020-11-30 18:02:32', 1),
(797, 'Administrator Sistems melakukan login ke sistem', '2020-12-01 00:25:27', 1),
(798, 'Administrator Sistems melakukan login ke sistem', '2020-12-01 16:35:05', 1),
(799, 'Selly melakukan login ke sistem', '2020-12-01 16:36:21', 10),
(800, 'Administrator Sistems melakukan login ke sistem', '2020-12-05 09:55:10', 1);

-- --------------------------------------------------------

--
-- Table structure for table `rekomendasi_tbl`
--

CREATE TABLE `rekomendasi_tbl` (
  `rekomendasi_id` int(11) NOT NULL,
  `nim_mahasiswa` varchar(50) NOT NULL,
  `nama_mahasiswa` varchar(100) NOT NULL,
  `judul_skripsi` text NOT NULL,
  `topik_skripsi` char(11) NOT NULL,
  `dosen_pembimbing1` char(11) NOT NULL,
  `dosen_pembimbing2` char(11) NOT NULL,
  `dosen_penguji1` char(11) NOT NULL,
  `dosen_penguji2` char(11) NOT NULL,
  `dosen_penguji3` char(11) NOT NULL
) ENGINE=InnoDB DEFAULT CHARSET=utf8mb4;

--
-- Dumping data for table `rekomendasi_tbl`
--

INSERT INTO `rekomendasi_tbl` (`rekomendasi_id`, `nim_mahasiswa`, `nama_mahasiswa`, `judul_skripsi`, `topik_skripsi`, `dosen_pembimbing1`, `dosen_pembimbing2`, `dosen_penguji1`, `dosen_penguji2`, `dosen_penguji3`) VALUES
(2, 'E1E117040', 'Muhamad Danil', 'sc', '00013', '0001', '0003', '00017', '00012', '0008'),
(3, 'E1E117040', 'Muhamad Danil', 'acas', '00013', '0001', '0003', '00017', '00012', '0008'),
(4, 'E1E117040', 'Muhamad Danil', 'acas', '00013', '0001', '0003', '00017', '00012', '0008'),
(5, 'E1E117040', 'Muhamad Danil', 'acas', '00013', '0001', '0003', '00017', '00012', '0008'),
(6, 'E1E118067', 'Chindy Elfiana Suci Natasiya', 'ahahahhaha', '00013', '0001', '0003', '00017', '00012', '0008');

-- --------------------------------------------------------

--
-- Table structure for table `setting_tbl`
--

CREATE TABLE `setting_tbl` (
  `setting_id` int(11) NOT NULL,
  `setting_appname` varchar(100) NOT NULL,
  `setting_short_appname` varchar(20) NOT NULL,
  `setting_origin_app` varchar(100) NOT NULL,
  `setting_owner_name` varchar(100) NOT NULL,
  `setting_phone` varchar(50) NOT NULL,
  `setting_email` varchar(100) NOT NULL,
  `setting_address` text NOT NULL,
  `setting_logo` text NOT NULL
) ENGINE=InnoDB DEFAULT CHARSET=latin1;

--
-- Dumping data for table `setting_tbl`
--

INSERT INTO `setting_tbl` (`setting_id`, `setting_appname`, `setting_short_appname`, `setting_origin_app`, `setting_owner_name`, `setting_phone`, `setting_email`, `setting_address`, `setting_logo`) VALUES
(1, 'SPK DOSEN PEMBIMBING DAN PENGUJI', 'SPK DPP', 'Universitas Halu Oleo', 'Teknik Informatika', '(0401) - 0000 000', 'triman@gmail.com', 'Perdos Blok X Nomor 14', 'settinglogo1.png');

-- --------------------------------------------------------

--
-- Table structure for table `subkriteria_tbl`
--

CREATE TABLE `subkriteria_tbl` (
  `subkriteria_id` int(11) NOT NULL,
  `subkriteria_nama` varchar(50) NOT NULL,
  `subkriteria_bobot` int(11) NOT NULL,
  `kriteria_id` char(15) NOT NULL
) ENGINE=InnoDB DEFAULT CHARSET=utf8mb4;

--
-- Dumping data for table `subkriteria_tbl`
--

INSERT INTO `subkriteria_tbl` (`subkriteria_id`, `subkriteria_nama`, `subkriteria_bobot`, `kriteria_id`) VALUES
(2, 'Sangat Sesuai Keahlian', 5, 'C1'),
(3, 'Sesuai keahlian', 4, 'C1'),
(4, 'Cukup sesuai keahlian', 3, 'C1'),
(5, 'Kurang sesuai keahlian', 2, 'C1'),
(6, 'Guru Besar', 5, 'C2'),
(7, 'Lektor kepala', 4, 'C2'),
(8, 'Lektor', 3, 'C2'),
(9, 'Asisten ahli', 2, 'C2'),
(10, 'Tenaga Pengajar', 1, 'C2'),
(11, 'S3', 2, 'C3'),
(12, 'S2', 1, 'C3'),
(13, 'Dosen tetap PNS', 2, 'C4'),
(14, 'Dosen tetap Non PNS', 1, 'C4');

-- --------------------------------------------------------

--
-- Table structure for table `user_tbl`
--

CREATE TABLE `user_tbl` (
  `user_id` int(11) NOT NULL,
  `user_name` varchar(100) NOT NULL,
  `user_password` varchar(100) NOT NULL,
  `user_fullname` varchar(100) NOT NULL,
  `user_photo` text DEFAULT NULL,
  `user_address` text DEFAULT NULL,
  `user_bussiness` varchar(200) DEFAULT NULL,
  `user_sector` varchar(100) DEFAULT NULL,
  `group_id` int(11) NOT NULL
) ENGINE=InnoDB DEFAULT CHARSET=latin1;

--
-- Dumping data for table `user_tbl`
--

INSERT INTO `user_tbl` (`user_id`, `user_name`, `user_password`, `user_fullname`, `user_photo`, `user_address`, `user_bussiness`, `user_sector`, `group_id`) VALUES
(1, 'admin', '21232f297a57a5a743894a0e4a801fc3', 'Administrator Sistems', 'US2019041100000.jpg', '', '', '', 1),
(6, 'ketuajurusan', 'e23d7b714c4c247a25cbd17108abda3d', 'Ketua Jurusan', '', '', '', '', 2),
(10, 'staf', '7b8a17c3f48d4453fde0fd74b4fa9212', 'Selly', NULL, NULL, NULL, NULL, 3);

-- --------------------------------------------------------

--
-- Table structure for table `visit_tbl`
--

CREATE TABLE `visit_tbl` (
  `visit_id` int(11) NOT NULL,
  `visit_date` datetime NOT NULL
) ENGINE=InnoDB DEFAULT CHARSET=latin1;

--
-- Dumping data for table `visit_tbl`
--

INSERT INTO `visit_tbl` (`visit_id`, `visit_date`) VALUES
(1, '2019-07-29 22:24:23'),
(2, '2019-07-29 22:24:33'),
(3, '2019-07-29 22:24:49'),
(4, '2019-07-30 04:34:05'),
(5, '2019-07-30 04:59:24'),
(6, '2019-07-30 05:05:02'),
(7, '2019-07-30 05:05:03'),
(8, '2019-07-30 05:20:59'),
(9, '2019-07-30 05:22:29'),
(10, '2019-07-30 05:22:30'),
(11, '2019-07-30 05:22:30'),
(12, '2019-07-30 05:59:20'),
(13, '2019-07-30 06:00:13'),
(14, '2019-07-30 06:07:05'),
(15, '2019-07-30 09:30:45'),
(16, '2019-07-30 09:30:50'),
(17, '2019-07-30 09:35:05'),
(18, '2019-07-30 09:37:37'),
(19, '2019-07-30 09:38:00'),
(20, '2019-07-30 09:39:32'),
(21, '2019-07-30 09:39:32'),
(22, '2019-07-30 09:39:33'),
(23, '2019-07-30 09:40:20'),
(24, '2019-07-30 09:40:21'),
(25, '2019-07-30 09:40:21'),
(26, '2019-07-30 09:40:21'),
(27, '2019-07-30 09:40:38'),
(28, '2019-07-30 09:40:39'),
(29, '2019-07-30 09:40:39'),
(30, '2019-07-30 09:40:39'),
(31, '2019-07-30 09:40:44'),
(32, '2019-07-30 09:40:49'),
(33, '2019-07-30 09:41:08'),
(34, '2019-07-30 09:41:08'),
(35, '2019-07-30 09:41:09'),
(36, '2019-07-30 09:41:09'),
(37, '2019-07-30 09:41:24'),
(38, '2019-07-30 09:41:25'),
(39, '2019-07-30 09:41:25'),
(40, '2019-07-30 09:41:25'),
(41, '2019-07-30 09:41:34'),
(42, '2019-07-30 09:41:34'),
(43, '2019-07-30 09:41:34'),
(44, '2019-07-30 09:41:34'),
(45, '2019-07-30 09:42:19'),
(46, '2019-07-30 09:42:40'),
(47, '2019-07-30 09:42:41'),
(48, '2019-07-30 09:42:42'),
(49, '2019-07-30 09:42:54'),
(50, '2019-07-30 09:43:59'),
(51, '2019-07-30 09:44:06'),
(52, '2019-07-30 09:44:21'),
(53, '2019-07-30 09:55:43'),
(54, '2019-07-30 09:57:48'),
(55, '2019-07-30 09:58:04'),
(56, '2019-07-30 09:58:23'),
(57, '2019-07-30 09:59:28'),
(58, '2019-07-30 09:59:28'),
(59, '2019-07-30 09:59:28'),
(60, '2019-07-30 09:59:28'),
(61, '2019-07-30 09:59:28'),
(62, '2019-07-30 09:59:28'),
(63, '2019-07-30 09:59:36'),
(64, '2019-07-30 13:50:18'),
(65, '2019-07-30 14:15:11'),
(66, '2019-07-30 17:48:13'),
(67, '2019-12-12 09:34:42'),
(68, '2019-12-12 09:34:52'),
(69, '2019-12-12 09:34:56'),
(70, '2019-12-12 09:34:57'),
(71, '2019-12-12 09:34:57'),
(72, '2019-12-12 09:34:57'),
(73, '2019-12-12 09:34:57'),
(74, '2019-12-12 09:34:57'),
(75, '2019-12-12 09:34:58'),
(76, '2019-12-12 09:34:58'),
(77, '2019-12-12 09:34:58'),
(78, '2019-12-12 09:34:58'),
(79, '2019-12-12 09:34:58'),
(80, '2019-12-12 09:38:01'),
(81, '2019-12-12 09:39:55'),
(82, '2019-12-12 09:40:01'),
(83, '2019-12-12 09:40:50'),
(84, '2019-12-12 09:42:59'),
(85, '2019-12-12 09:43:04'),
(86, '2019-12-12 09:43:05'),
(87, '2019-12-12 09:43:06'),
(88, '2019-12-12 09:43:46'),
(89, '2019-12-12 09:43:54'),
(90, '2019-12-12 09:44:13'),
(91, '2019-12-12 09:44:20'),
(92, '2019-12-12 09:50:22'),
(93, '2019-12-12 09:50:23'),
(94, '2019-12-12 09:50:24'),
(95, '2019-12-12 09:50:24'),
(96, '2019-12-12 09:50:24'),
(97, '2019-12-12 09:50:24'),
(98, '2019-12-12 09:50:24'),
(99, '2019-12-12 09:50:24'),
(100, '2019-12-12 09:50:25'),
(101, '2019-12-12 09:50:25'),
(102, '2019-12-12 09:50:25'),
(103, '2019-12-12 09:50:25'),
(104, '2019-12-12 09:50:25'),
(105, '2019-12-12 09:50:25'),
(106, '2019-12-12 09:50:26'),
(107, '2019-12-12 09:50:26'),
(108, '2019-12-12 09:50:26'),
(109, '2019-12-12 09:50:26'),
(110, '2019-12-12 09:50:26'),
(111, '2019-12-12 09:50:27'),
(112, '2019-12-12 09:50:27'),
(113, '2019-12-12 09:50:27'),
(114, '2019-12-12 09:50:27'),
(115, '2019-12-12 09:50:27'),
(116, '2019-12-12 09:50:27'),
(117, '2019-12-12 09:50:28'),
(118, '2019-12-12 09:50:28'),
(119, '2019-12-12 09:50:28'),
(120, '2019-12-12 09:50:41'),
(121, '2019-12-12 09:50:41'),
(122, '2019-12-12 09:50:42'),
(123, '2019-12-12 09:50:42'),
(124, '2019-12-12 09:50:42'),
(125, '2019-12-12 09:50:42'),
(126, '2019-12-12 09:50:43'),
(127, '2019-12-12 09:50:43'),
(128, '2019-12-12 09:50:43'),
(129, '2019-12-12 09:50:43'),
(130, '2019-12-12 09:50:43'),
(131, '2019-12-12 09:50:47'),
(132, '2019-12-12 09:51:54'),
(133, '2019-12-12 09:51:55'),
(134, '2019-12-12 09:51:55'),
(135, '2019-12-12 09:51:56'),
(136, '2019-12-12 09:51:56'),
(137, '2019-12-12 09:51:56'),
(138, '2019-12-12 09:52:13'),
(139, '2019-12-12 09:54:35'),
(140, '2019-12-12 09:55:25'),
(141, '2019-12-12 09:55:32'),
(142, '2019-12-12 09:55:32'),
(143, '2019-12-12 10:25:05'),
(144, '2019-12-12 10:25:06'),
(145, '2019-12-12 10:25:15'),
(146, '2019-12-12 10:26:13'),
(147, '2019-12-12 10:26:14'),
(148, '2019-12-12 10:26:14'),
(149, '2019-12-12 10:26:14'),
(150, '2019-12-12 10:26:14'),
(151, '2019-12-12 10:26:14'),
(152, '2019-12-12 10:26:15'),
(153, '2019-12-12 10:26:15'),
(154, '2019-12-12 10:26:15'),
(155, '2019-12-12 10:26:15'),
(156, '2019-12-12 10:26:15'),
(157, '2019-12-12 10:26:15'),
(158, '2019-12-12 10:26:16'),
(159, '2019-12-12 10:26:24'),
(160, '2019-12-12 10:26:25'),
(161, '2019-12-12 10:26:25'),
(162, '2019-12-12 10:26:25'),
(163, '2019-12-12 10:26:25'),
(164, '2019-12-12 10:26:25'),
(165, '2019-12-12 10:26:28'),
(166, '2019-12-12 10:26:29'),
(167, '2019-12-12 10:26:29'),
(168, '2019-12-12 10:26:29'),
(169, '2019-12-12 10:26:29'),
(170, '2019-12-12 10:26:30'),
(171, '2019-12-12 10:26:52'),
(172, '2019-12-12 10:26:53'),
(173, '2019-12-12 10:26:53'),
(174, '2019-12-12 10:26:59'),
(175, '2019-12-12 10:26:59'),
(176, '2019-12-12 10:27:00'),
(177, '2019-12-12 10:27:00'),
(178, '2019-12-12 10:27:00'),
(179, '2019-12-12 10:27:00'),
(180, '2019-12-12 10:27:00'),
(181, '2019-12-12 10:27:00'),
(182, '2019-12-12 10:27:01'),
(183, '2019-12-12 10:27:01'),
(184, '2019-12-12 10:27:01'),
(185, '2019-12-12 10:27:01'),
(186, '2019-12-12 10:27:45'),
(187, '2019-12-12 10:27:47'),
(188, '2019-12-12 10:27:48'),
(189, '2019-12-12 10:27:48'),
(190, '2019-12-12 10:27:48'),
(191, '2019-12-12 10:27:49'),
(192, '2019-12-12 10:27:49'),
(193, '2019-12-12 10:28:20'),
(194, '2019-12-12 10:28:28'),
(195, '2019-12-12 10:35:27'),
(196, '2019-12-12 10:35:28'),
(197, '2019-12-12 10:35:34'),
(198, '2019-12-12 10:41:48'),
(199, '2019-12-12 12:53:54'),
(200, '2019-12-12 14:26:23'),
(201, '2019-12-12 14:27:02'),
(202, '2019-12-12 14:46:55'),
(203, '2019-12-12 15:49:37'),
(204, '2019-12-12 16:22:38'),
(205, '2019-12-12 18:53:43'),
(206, '2019-12-12 19:11:57'),
(207, '2019-12-12 19:53:50'),
(208, '2019-12-12 19:53:57'),
(209, '2019-12-12 19:54:37'),
(210, '2019-12-13 07:06:53'),
(211, '2019-12-13 07:23:09'),
(212, '2019-12-13 07:26:07'),
(213, '2019-12-13 07:31:25'),
(214, '2019-12-13 07:35:24'),
(215, '2019-12-13 07:37:09'),
(216, '2019-12-13 07:48:32'),
(217, '2019-12-13 07:53:04'),
(218, '2019-12-13 07:56:46'),
(219, '2019-12-13 08:01:00'),
(220, '2019-12-13 08:01:04'),
(221, '2019-12-13 08:01:47'),
(222, '2019-12-13 08:01:48'),
(223, '2019-12-13 08:01:49'),
(224, '2019-12-13 08:01:49'),
(225, '2019-12-13 08:02:05'),
(226, '2019-12-13 10:08:12'),
(227, '2019-12-13 10:08:38'),
(228, '2019-12-17 14:42:09'),
(229, '2019-12-17 14:42:26'),
(230, '2019-12-17 14:46:39'),
(231, '2019-12-17 14:52:25'),
(232, '2019-12-17 14:54:44'),
(233, '2019-12-17 16:45:55'),
(234, '2019-12-17 20:05:16'),
(235, '2019-12-18 09:24:22'),
(236, '2019-12-18 09:34:47'),
(237, '2019-12-19 15:22:05'),
(238, '2019-12-19 16:49:17'),
(239, '2019-12-20 09:18:06'),
(240, '2019-12-21 20:24:54'),
(241, '2019-12-21 20:24:59'),
(242, '2019-12-23 10:44:23'),
(243, '2019-12-23 16:35:35'),
(244, '2019-12-24 09:51:23'),
(245, '2019-12-24 10:40:45'),
(246, '2019-12-24 12:14:06'),
(247, '2019-12-24 12:17:52'),
(248, '2019-12-24 12:18:15'),
(249, '2019-12-24 12:20:41'),
(250, '2019-12-24 14:15:39'),
(251, '2019-12-24 14:15:58'),
(252, '2019-12-24 18:42:01'),
(253, '2019-12-24 19:12:01'),
(254, '2019-12-25 10:27:15'),
(255, '2019-12-25 11:54:59'),
(256, '2019-12-25 12:00:20'),
(257, '2019-12-25 12:42:06'),
(258, '2019-12-25 12:45:19'),
(259, '2019-12-25 12:47:23'),
(260, '2019-12-25 13:09:58'),
(261, '2019-12-25 13:12:20'),
(262, '2019-12-25 13:40:05'),
(263, '2019-12-25 13:41:47'),
(264, '2019-12-25 13:41:57'),
(265, '2019-12-25 13:42:05'),
(266, '2019-12-25 14:05:48'),
(267, '2019-12-25 20:37:31'),
(268, '2019-12-25 20:38:00'),
(269, '2019-12-25 20:38:33'),
(270, '2019-12-25 20:38:35'),
(271, '2019-12-25 20:38:43'),
(272, '2019-12-25 20:42:21'),
(273, '2019-12-25 20:47:06'),
(274, '2019-12-25 20:47:37'),
(275, '2019-12-25 20:48:12'),
(276, '2019-12-25 22:18:34'),
(277, '2019-12-25 22:22:30'),
(278, '2019-12-25 22:22:33'),
(279, '2019-12-25 22:22:35'),
(280, '2019-12-25 22:22:43'),
(281, '2019-12-25 22:23:12'),
(282, '2019-12-25 22:23:36'),
(283, '2019-12-25 22:23:52'),
(284, '2019-12-25 22:25:03'),
(285, '2019-12-25 22:29:17'),
(286, '2019-12-25 22:51:11'),
(287, '2019-12-25 22:53:42'),
(288, '2019-12-26 01:27:37'),
(289, '2019-12-26 01:27:42'),
(290, '2019-12-26 01:29:27'),
(291, '2019-12-26 01:32:16'),
(292, '2019-12-26 01:42:54'),
(293, '2019-12-26 01:43:09'),
(294, '2019-12-26 01:43:12'),
(295, '2019-12-26 02:38:42'),
(296, '2019-12-26 02:41:26'),
(297, '2019-12-26 02:55:02'),
(298, '2019-12-26 03:33:50'),
(299, '2019-12-26 03:46:43'),
(300, '2019-12-26 03:46:47'),
(301, '2019-12-26 03:47:53'),
(302, '2019-12-26 03:48:15'),
(303, '2019-12-26 05:24:13'),
(304, '2019-12-26 05:28:10'),
(305, '2019-12-26 10:21:59'),
(306, '2019-12-26 12:11:58'),
(307, '2019-12-26 12:16:06'),
(308, '2019-12-26 12:18:21'),
(309, '2019-12-26 16:18:40'),
(310, '2019-12-26 16:18:43'),
(311, '2019-12-26 22:17:18'),
(312, '2019-12-26 22:19:23'),
(313, '2019-12-26 22:19:46'),
(314, '2019-12-26 22:20:00'),
(315, '2019-12-27 06:27:38'),
(316, '2019-12-27 06:27:41'),
(317, '2019-12-27 06:31:15'),
(318, '2019-12-27 06:31:17'),
(319, '2019-12-27 06:32:46'),
(320, '2019-12-27 06:36:40'),
(321, '2019-12-27 06:36:59'),
(322, '2019-12-27 06:37:06'),
(323, '2019-12-27 06:37:17'),
(324, '2019-12-27 06:41:39'),
(325, '2019-12-27 06:41:51'),
(326, '2019-12-27 07:07:48'),
(327, '2019-12-27 07:07:50'),
(328, '2019-12-27 07:08:26'),
(329, '2019-12-27 07:08:46'),
(330, '2019-12-27 07:15:56'),
(331, '2019-12-27 07:15:58'),
(332, '2019-12-27 07:26:41'),
(333, '2019-12-27 08:30:30'),
(334, '2019-12-27 08:32:01'),
(335, '2019-12-27 08:33:41'),
(336, '2019-12-27 08:34:17'),
(337, '2019-12-27 08:37:38'),
(338, '2019-12-27 14:21:56'),
(339, '2019-12-27 14:22:46'),
(340, '2019-12-28 13:04:13'),
(341, '2020-01-02 10:07:21'),
(342, '2020-03-22 18:24:51'),
(343, '2020-03-22 18:25:19'),
(344, '2020-07-11 15:31:21'),
(345, '2020-07-11 15:32:07'),
(346, '2020-07-11 15:32:20'),
(347, '2020-07-11 15:32:28'),
(348, '2020-07-11 15:32:44'),
(349, '2020-07-11 15:33:18'),
(350, '2020-07-11 15:34:13'),
(351, '2020-07-11 15:34:21'),
(352, '2020-07-11 15:37:49'),
(353, '2020-07-11 15:38:19'),
(354, '2020-07-11 15:38:29'),
(355, '2020-07-11 15:38:43'),
(356, '2020-07-11 15:40:58'),
(357, '2020-07-11 15:42:06'),
(358, '2020-07-11 15:42:42'),
(359, '2020-07-11 15:42:44'),
(360, '2020-07-11 15:42:48'),
(361, '2020-07-11 15:43:36'),
(362, '2020-07-11 15:44:08'),
(363, '2020-07-11 15:45:30'),
(364, '2020-07-11 15:45:54'),
(365, '2020-07-11 15:46:20'),
(366, '2020-07-11 15:49:30'),
(367, '2020-07-11 15:49:33'),
(368, '2020-07-11 15:50:24'),
(369, '2020-07-11 15:50:27'),
(370, '2020-07-11 15:52:09'),
(371, '2020-07-11 15:53:11'),
(372, '2020-07-11 15:54:27'),
(373, '2020-07-11 15:54:33'),
(374, '2020-07-11 15:55:28'),
(375, '2020-08-19 14:08:21'),
(376, '2020-09-17 16:46:47'),
(377, '2020-09-17 16:47:03'),
(378, '2020-09-18 18:34:18'),
(379, '2020-09-22 09:45:08'),
(380, '2020-09-22 09:45:21'),
(381, '2020-09-22 11:00:04'),
(382, '2020-09-22 11:00:43'),
(383, '2020-09-22 11:00:45'),
(384, '2020-09-22 11:00:47'),
(385, '2020-09-22 11:01:36'),
(386, '2020-09-22 14:31:43'),
(387, '2020-09-22 14:33:28'),
(388, '2020-09-22 14:34:42'),
(389, '2020-09-22 14:36:19'),
(390, '2020-09-22 15:47:31'),
(391, '2020-09-25 14:09:29'),
(392, '2020-10-26 21:45:56'),
(393, '2020-10-27 07:34:54'),
(394, '2020-10-28 10:32:48'),
(395, '2020-10-29 06:50:46'),
(396, '2020-10-29 18:15:00'),
(397, '2020-10-30 07:55:30'),
(398, '2020-10-30 14:22:44'),
(399, '2020-10-30 22:27:22'),
(400, '2020-10-31 08:32:50'),
(401, '2020-10-31 13:35:23'),
(402, '2020-11-01 10:35:45'),
(403, '2020-11-01 10:39:24'),
(404, '2020-11-01 10:39:27'),
(405, '2020-11-01 10:39:34'),
(406, '2020-11-01 10:41:17'),
(407, '2020-11-01 10:41:52'),
(408, '2020-11-01 10:44:50'),
(409, '2020-11-01 10:45:28'),
(410, '2020-11-01 10:45:54'),
(411, '2020-11-01 11:11:04'),
(412, '2020-11-01 14:36:59'),
(413, '2020-11-01 20:10:10'),
(414, '2020-11-03 12:00:03'),
(415, '2020-11-03 12:00:16'),
(416, '2020-11-03 12:09:46'),
(417, '2020-11-03 14:17:04'),
(418, '2020-11-03 22:49:40'),
(419, '2020-11-03 23:01:49'),
(420, '2020-11-04 10:49:39'),
(421, '2020-11-04 16:46:19'),
(422, '2020-11-04 16:46:27'),
(423, '2020-11-04 18:16:53'),
(424, '2020-11-05 10:13:06'),
(425, '2020-11-05 11:46:26'),
(426, '2020-11-05 11:49:41'),
(427, '2020-11-05 11:51:21'),
(428, '2020-11-06 08:48:48'),
(429, '2020-11-06 14:03:33'),
(430, '2020-11-07 06:07:59'),
(431, '2020-11-07 11:59:14'),
(432, '2020-11-07 15:13:16'),
(433, '2020-11-08 11:10:14'),
(434, '2020-11-08 11:10:20'),
(435, '2020-11-08 22:12:26'),
(436, '2020-11-09 10:12:19'),
(437, '2020-11-09 14:58:30'),
(438, '2020-11-09 19:35:34'),
(439, '2020-11-10 15:01:12'),
(440, '2020-11-10 19:03:18'),
(441, '2020-11-10 19:04:54'),
(442, '2020-11-10 19:05:13'),
(443, '2020-11-10 19:10:30'),
(444, '2020-11-10 19:11:20'),
(445, '2020-11-10 21:52:45'),
(446, '2020-11-11 10:21:15'),
(447, '2020-11-11 10:53:33'),
(448, '2020-11-11 22:36:19'),
(449, '2020-11-12 05:07:52'),
(450, '2020-11-12 08:44:46'),
(451, '2020-11-12 09:39:01'),
(452, '2020-11-12 14:16:53'),
(453, '2020-11-13 13:46:55'),
(454, '2020-11-13 18:50:34'),
(455, '2020-11-13 18:50:35'),
(456, '2020-11-13 20:30:50'),
(457, '2020-11-13 23:01:09'),
(458, '2020-11-15 22:01:58'),
(459, '2020-11-16 09:48:45'),
(460, '2020-11-16 18:32:26'),
(461, '2020-11-16 18:33:11'),
(462, '2020-11-16 21:42:35'),
(463, '2020-11-16 21:42:36'),
(464, '2020-11-17 09:46:01'),
(465, '2020-11-17 11:04:13'),
(466, '2020-11-17 11:04:13'),
(467, '2020-11-17 22:14:58'),
(468, '2020-11-17 22:14:58'),
(469, '2020-11-18 10:39:12'),
(470, '2020-11-18 13:44:36'),
(471, '2020-11-18 14:55:22'),
(472, '2020-11-18 14:56:13'),
(473, '2020-11-18 17:19:16'),
(474, '2020-11-18 17:38:47'),
(475, '2020-11-18 18:49:49'),
(476, '2020-11-18 18:49:50'),
(477, '2020-11-18 22:16:17'),
(478, '2020-11-19 13:51:44'),
(479, '2020-11-20 16:38:08'),
(480, '2020-11-22 15:02:25'),
(481, '2020-11-22 20:09:34'),
(482, '2020-11-23 19:39:26'),
(483, '2020-11-23 19:39:27'),
(484, '2020-11-23 19:43:25'),
(485, '2020-11-23 19:43:33'),
(486, '2020-11-23 19:43:43'),
(487, '2020-11-23 19:43:54'),
(488, '2020-11-23 19:44:05'),
(489, '2020-11-24 09:35:02'),
(490, '2020-11-24 10:48:15'),
(491, '2020-11-24 14:20:49'),
(492, '2020-11-24 14:28:18'),
(493, '2020-11-24 22:38:51'),
(494, '2020-11-25 09:04:50'),
(495, '2020-11-25 09:45:03'),
(496, '2020-11-25 09:45:08'),
(497, '2020-11-25 09:45:11'),
(498, '2020-11-25 10:11:35'),
(499, '2020-11-25 21:26:27'),
(500, '2020-11-25 21:26:28'),
(501, '2020-11-26 10:38:29'),
(502, '2020-11-26 12:17:27'),
(503, '2020-11-26 13:03:35'),
(504, '2020-11-26 13:03:38'),
(505, '2020-11-26 13:05:11'),
(506, '2020-11-26 19:14:19'),
(507, '2020-11-26 23:25:45'),
(508, '2020-11-27 08:33:38'),
(509, '2020-11-27 10:49:24'),
(510, '2020-11-27 10:49:25'),
(511, '2020-11-27 11:03:27'),
(512, '2020-11-27 11:04:21'),
(513, '2020-11-27 11:09:00'),
(514, '2020-11-27 11:10:44'),
(515, '2020-11-27 15:22:23'),
(516, '2020-11-27 15:24:08'),
(517, '2020-11-27 15:41:16'),
(518, '2020-11-27 15:57:17'),
(519, '2020-11-27 18:54:44'),
(520, '2020-11-27 22:08:37'),
(521, '2020-11-28 00:03:54'),
(522, '2020-11-28 03:13:18'),
(523, '2020-11-28 13:51:31'),
(524, '2020-11-28 16:16:17'),
(525, '2020-11-28 16:16:21'),
(526, '2020-11-29 09:14:37'),
(527, '2020-11-29 09:19:05'),
(528, '2020-11-29 12:23:56'),
(529, '2020-11-29 12:40:23'),
(530, '2020-11-29 12:40:28'),
(531, '2020-11-29 14:10:13'),
(532, '2020-11-29 14:40:39'),
(533, '2020-11-29 15:07:39'),
(534, '2020-11-29 15:07:41'),
(535, '2020-11-29 15:30:24'),
(536, '2020-11-29 17:50:35'),
(537, '2020-11-29 17:51:10'),
(538, '2020-11-30 10:45:38'),
(539, '2020-11-30 11:15:06'),
(540, '2020-11-30 11:43:20'),
(541, '2020-11-30 14:38:33'),
(542, '2020-11-30 18:02:00'),
(543, '2020-11-30 18:02:12'),
(544, '2020-12-01 00:25:02'),
(545, '2020-12-01 16:27:13'),
(546, '2020-12-01 16:36:10'),
(547, '2020-12-03 18:33:15'),
(548, '2020-12-05 09:52:04');

--
-- Indexes for dumped tables
--

--
-- Indexes for table `dosen_tbl`
--
ALTER TABLE `dosen_tbl`
  ADD PRIMARY KEY (`dosen_id`);

--
-- Indexes for table `group_tbl`
--
ALTER TABLE `group_tbl`
  ADD PRIMARY KEY (`group_id`);

--
-- Indexes for table `keahlian_detail_tbl`
--
ALTER TABLE `keahlian_detail_tbl`
  ADD PRIMARY KEY (`keahlian_detail_id`);

--
-- Indexes for table `keahlian_tbl`
--
ALTER TABLE `keahlian_tbl`
  ADD PRIMARY KEY (`keahlian_id`);

--
-- Indexes for table `laporan_tbl`
--
ALTER TABLE `laporan_tbl`
  ADD PRIMARY KEY (`laporan_id`);

--
-- Indexes for table `log_tbl`
--
ALTER TABLE `log_tbl`
  ADD PRIMARY KEY (`log_id`);

--
-- Indexes for table `rekomendasi_tbl`
--
ALTER TABLE `rekomendasi_tbl`
  ADD PRIMARY KEY (`rekomendasi_id`);

--
-- Indexes for table `setting_tbl`
--
ALTER TABLE `setting_tbl`
  ADD PRIMARY KEY (`setting_id`);

--
-- Indexes for table `subkriteria_tbl`
--
ALTER TABLE `subkriteria_tbl`
  ADD PRIMARY KEY (`subkriteria_id`);

--
-- Indexes for table `user_tbl`
--
ALTER TABLE `user_tbl`
  ADD PRIMARY KEY (`user_id`);

--
-- Indexes for table `visit_tbl`
--
ALTER TABLE `visit_tbl`
  ADD PRIMARY KEY (`visit_id`);

--
-- AUTO_INCREMENT for dumped tables
--

--
-- AUTO_INCREMENT for table `group_tbl`
--
ALTER TABLE `group_tbl`
  MODIFY `group_id` int(11) NOT NULL AUTO_INCREMENT, AUTO_INCREMENT=6;

--
-- AUTO_INCREMENT for table `keahlian_detail_tbl`
--
ALTER TABLE `keahlian_detail_tbl`
  MODIFY `keahlian_detail_id` int(11) NOT NULL AUTO_INCREMENT, AUTO_INCREMENT=247;

--
-- AUTO_INCREMENT for table `laporan_tbl`
--
ALTER TABLE `laporan_tbl`
  MODIFY `laporan_id` int(11) NOT NULL AUTO_INCREMENT, AUTO_INCREMENT=46;

--
-- AUTO_INCREMENT for table `log_tbl`
--
ALTER TABLE `log_tbl`
  MODIFY `log_id` int(11) NOT NULL AUTO_INCREMENT, AUTO_INCREMENT=801;

--
-- AUTO_INCREMENT for table `rekomendasi_tbl`
--
ALTER TABLE `rekomendasi_tbl`
  MODIFY `rekomendasi_id` int(11) NOT NULL AUTO_INCREMENT, AUTO_INCREMENT=7;

--
-- AUTO_INCREMENT for table `setting_tbl`
--
ALTER TABLE `setting_tbl`
  MODIFY `setting_id` int(11) NOT NULL AUTO_INCREMENT, AUTO_INCREMENT=2;

--
-- AUTO_INCREMENT for table `subkriteria_tbl`
--
ALTER TABLE `subkriteria_tbl`
  MODIFY `subkriteria_id` int(11) NOT NULL AUTO_INCREMENT, AUTO_INCREMENT=15;

--
-- AUTO_INCREMENT for table `user_tbl`
--
ALTER TABLE `user_tbl`
  MODIFY `user_id` int(11) NOT NULL AUTO_INCREMENT, AUTO_INCREMENT=11;

--
-- AUTO_INCREMENT for table `visit_tbl`
--
ALTER TABLE `visit_tbl`
  MODIFY `visit_id` int(11) NOT NULL AUTO_INCREMENT, AUTO_INCREMENT=549;
COMMIT;

/*!40101 SET CHARACTER_SET_CLIENT=@OLD_CHARACTER_SET_CLIENT */;
/*!40101 SET CHARACTER_SET_RESULTS=@OLD_CHARACTER_SET_RESULTS */;
/*!40101 SET COLLATION_CONNECTION=@OLD_COLLATION_CONNECTION */;
